"0","model_tuned <- train(
                factor(FraudFound_P) ~ .,
                data = newData,
                trControl = ctrl,
                method = ""xgbTree"",
                metric = ""AUC"",
                tuneGrid = tuneGrid,
                verbose = TRUE,
                objective = ""binary:logistic"",
                eval_metric = ""auc""
                # scale_pos_weight = pos_weight
                )
"
"1","+ Fold01.Rep1: eta=0.01, max_depth=3, gamma=0, colsample_bytree=0.5, min_child_weight=1, subsample=0.5, nrounds=100"
"1"," "
"1","
"
"1","[15:44:04] WARNING: src/c_api/c_api.cc:935: `ntree_limit` is deprecated, use `iteration_range` instead.
"
"1","- Fold01.Rep1: eta=0.01, max_depth=3, gamma=0, colsample_bytree=0.5, min_child_weight=1, subsample=0.5, nrounds=100"
"1"," "
"1","
"
"1","+ Fold01.Rep1: eta=0.01, max_depth=3, gamma=0, colsample_bytree=0.5, min_child_weight=1, subsample=0.8, nrounds=100"
"1"," "
"1","
"
"1","[15:44:06] WARNING: src/c_api/c_api.cc:935: `ntree_limit` is deprecated, use `iteration_range` instead.
"
"1","- Fold01.Rep1: eta=0.01, max_depth=3, gamma=0, colsample_bytree=0.5, min_child_weight=1, subsample=0.8, nrounds=100"
"1"," "
"1","
"
"1","+ Fold01.Rep1: eta=0.01, max_depth=3, gamma=0, colsample_bytree=0.8, min_child_weight=1, subsample=0.5, nrounds=100"
"1"," "
"1","
"
"1","[15:44:08] WARNING: src/c_api/c_api.cc:935: `ntree_limit` is deprecated, use `iteration_range` instead.
"
"1","- Fold01.Rep1: eta=0.01, max_depth=3, gamma=0, colsample_bytree=0.8, min_child_weight=1, subsample=0.5, nrounds=100"
"1"," "
"1","
"
"1","+ Fold01.Rep1: eta=0.01, max_depth=3, gamma=0, colsample_bytree=0.8, min_child_weight=1, subsample=0.8, nrounds=100"
"1"," "
"1","
"
"1","[15:44:11] WARNING: src/c_api/c_api.cc:935: `ntree_limit` is deprecated, use `iteration_range` instead.
"
"1","- Fold01.Rep1: eta=0.01, max_depth=3, gamma=0, colsample_bytree=0.8, min_child_weight=1, subsample=0.8, nrounds=100"
"1"," "
"1","
"
"1","+ Fold01.Rep1: eta=0.01, max_depth=6, gamma=0, colsample_bytree=0.5, min_child_weight=1, subsample=0.5, nrounds=100"
"1"," "
"1","
"
"1","[15:44:14] WARNING: src/c_api/c_api.cc:935: `ntree_limit` is deprecated, use `iteration_range` instead.
"
"1","- Fold01.Rep1: eta=0.01, max_depth=6, gamma=0, colsample_bytree=0.5, min_child_weight=1, subsample=0.5, nrounds=100"
"1"," "
"1","
"
"1","+ Fold01.Rep1: eta=0.01, max_depth=6, gamma=0, colsample_bytree=0.5, min_child_weight=1, subsample=0.8, nrounds=100"
"1"," "
"1","
"
"1","[15:44:17] WARNING: src/c_api/c_api.cc:935: `ntree_limit` is deprecated, use `iteration_range` instead.
"
"1","- Fold01.Rep1: eta=0.01, max_depth=6, gamma=0, colsample_bytree=0.5, min_child_weight=1, subsample=0.8, nrounds=100"
"1"," "
"1","
"
"1","+ Fold01.Rep1: eta=0.01, max_depth=6, gamma=0, colsample_bytree=0.8, min_child_weight=1, subsample=0.5, nrounds=100"
"1"," "
"1","
"
"1","[15:44:22] WARNING: src/c_api/c_api.cc:935: `ntree_limit` is deprecated, use `iteration_range` instead.
"
"1","- Fold01.Rep1: eta=0.01, max_depth=6, gamma=0, colsample_bytree=0.8, min_child_weight=1, subsample=0.5, nrounds=100"
"1"," "
"1","
"
"1","+ Fold01.Rep1: eta=0.01, max_depth=6, gamma=0, colsample_bytree=0.8, min_child_weight=1, subsample=0.8, nrounds=100"
"1"," "
"1","
"
"1","[15:44:26] WARNING: src/c_api/c_api.cc:935: `ntree_limit` is deprecated, use `iteration_range` instead.
"
"1","- Fold01.Rep1: eta=0.01, max_depth=6, gamma=0, colsample_bytree=0.8, min_child_weight=1, subsample=0.8, nrounds=100"
"1"," "
"1","
"
"1","+ Fold01.Rep1: eta=0.01, max_depth=9, gamma=0, colsample_bytree=0.5, min_child_weight=1, subsample=0.5, nrounds=100"
"1"," "
"1","
"
"1","[15:44:30] WARNING: src/c_api/c_api.cc:935: `ntree_limit` is deprecated, use `iteration_range` instead.
"
"1","- Fold01.Rep1: eta=0.01, max_depth=9, gamma=0, colsample_bytree=0.5, min_child_weight=1, subsample=0.5, nrounds=100"
"1"," "
"1","
"
"1","+ Fold01.Rep1: eta=0.01, max_depth=9, gamma=0, colsample_bytree=0.5, min_child_weight=1, subsample=0.8, nrounds=100"
"1"," "
"1","
"
"1","[15:44:35] WARNING: src/c_api/c_api.cc:935: `ntree_limit` is deprecated, use `iteration_range` instead.
"
"1","- Fold01.Rep1: eta=0.01, max_depth=9, gamma=0, colsample_bytree=0.5, min_child_weight=1, subsample=0.8, nrounds=100"
"1"," "
"1","
"
"1","+ Fold01.Rep1: eta=0.01, max_depth=9, gamma=0, colsample_bytree=0.8, min_child_weight=1, subsample=0.5, nrounds=100"
"1"," "
"1","
"
"1","[15:44:41] WARNING: src/c_api/c_api.cc:935: `ntree_limit` is deprecated, use `iteration_range` instead.
"
"1","- Fold01.Rep1: eta=0.01, max_depth=9, gamma=0, colsample_bytree=0.8, min_child_weight=1, subsample=0.5, nrounds=100"
"1"," "
"1","
"
"1","+ Fold01.Rep1: eta=0.01, max_depth=9, gamma=0, colsample_bytree=0.8, min_child_weight=1, subsample=0.8, nrounds=100"
"1"," "
"1","
"
"1","[15:44:48] WARNING: src/c_api/c_api.cc:935: `ntree_limit` is deprecated, use `iteration_range` instead.
"
"1","- Fold01.Rep1: eta=0.01, max_depth=9, gamma=0, colsample_bytree=0.8, min_child_weight=1, subsample=0.8, nrounds=100"
"1"," "
"1","
"
"1","+ Fold01.Rep1: eta=0.10, max_depth=3, gamma=0, colsample_bytree=0.5, min_child_weight=1, subsample=0.5, nrounds=100"
"1"," "
"1","
"
"1","[15:44:50] WARNING: src/c_api/c_api.cc:935: `ntree_limit` is deprecated, use `iteration_range` instead.
"
"1","- Fold01.Rep1: eta=0.10, max_depth=3, gamma=0, colsample_bytree=0.5, min_child_weight=1, subsample=0.5, nrounds=100"
"1"," "
"1","
"
"1","+ Fold01.Rep1: eta=0.10, max_depth=3, gamma=0, colsample_bytree=0.5, min_child_weight=1, subsample=0.8, nrounds=100"
"1"," "
"1","
"
"1","[15:44:51] WARNING: src/c_api/c_api.cc:935: `ntree_limit` is deprecated, use `iteration_range` instead.
"
"1","- Fold01.Rep1: eta=0.10, max_depth=3, gamma=0, colsample_bytree=0.5, min_child_weight=1, subsample=0.8, nrounds=100"
"1"," "
"1","
"
"1","+ Fold01.Rep1: eta=0.10, max_depth=3, gamma=0, colsample_bytree=0.8, min_child_weight=1, subsample=0.5, nrounds=100"
"1"," "
"1","
"
"1","[15:44:54] WARNING: src/c_api/c_api.cc:935: `ntree_limit` is deprecated, use `iteration_range` instead.
"
"1","- Fold01.Rep1: eta=0.10, max_depth=3, gamma=0, colsample_bytree=0.8, min_child_weight=1, subsample=0.5, nrounds=100"
"1"," "
"1","
"
"1","+ Fold01.Rep1: eta=0.10, max_depth=3, gamma=0, colsample_bytree=0.8, min_child_weight=1, subsample=0.8, nrounds=100"
"1"," "
"1","
"
"1","[15:44:57] WARNING: src/c_api/c_api.cc:935: `ntree_limit` is deprecated, use `iteration_range` instead.
"
"1","- Fold01.Rep1: eta=0.10, max_depth=3, gamma=0, colsample_bytree=0.8, min_child_weight=1, subsample=0.8, nrounds=100"
"1"," "
"1","
"
"1","+ Fold01.Rep1: eta=0.10, max_depth=6, gamma=0, colsample_bytree=0.5, min_child_weight=1, subsample=0.5, nrounds=100"
"1"," "
"1","
"
"1","[15:45:00] WARNING: src/c_api/c_api.cc:935: `ntree_limit` is deprecated, use `iteration_range` instead.
"
"1","- Fold01.Rep1: eta=0.10, max_depth=6, gamma=0, colsample_bytree=0.5, min_child_weight=1, subsample=0.5, nrounds=100"
"1"," "
"1","
"
"1","+ Fold01.Rep1: eta=0.10, max_depth=6, gamma=0, colsample_bytree=0.5, min_child_weight=1, subsample=0.8, nrounds=100"
"1"," "
"1","
"
"1","[15:45:03] WARNING: src/c_api/c_api.cc:935: `ntree_limit` is deprecated, use `iteration_range` instead.
"
"1","- Fold01.Rep1: eta=0.10, max_depth=6, gamma=0, colsample_bytree=0.5, min_child_weight=1, subsample=0.8, nrounds=100"
"1"," "
"1","
"
"1","+ Fold01.Rep1: eta=0.10, max_depth=6, gamma=0, colsample_bytree=0.8, min_child_weight=1, subsample=0.5, nrounds=100"
"1"," "
"1","
"
"1","[15:45:07] WARNING: src/c_api/c_api.cc:935: `ntree_limit` is deprecated, use `iteration_range` instead.
"
"1","- Fold01.Rep1: eta=0.10, max_depth=6, gamma=0, colsample_bytree=0.8, min_child_weight=1, subsample=0.5, nrounds=100"
"1"," "
"1","
"
"1","+ Fold01.Rep1: eta=0.10, max_depth=6, gamma=0, colsample_bytree=0.8, min_child_weight=1, subsample=0.8, nrounds=100"
"1"," "
"1","
"
"1","[15:45:11] WARNING: src/c_api/c_api.cc:935: `ntree_limit` is deprecated, use `iteration_range` instead.
"
"1","- Fold01.Rep1: eta=0.10, max_depth=6, gamma=0, colsample_bytree=0.8, min_child_weight=1, subsample=0.8, nrounds=100"
"1"," "
"1","
"
"1","+ Fold01.Rep1: eta=0.10, max_depth=9, gamma=0, colsample_bytree=0.5, min_child_weight=1, subsample=0.5, nrounds=100"
"1"," "
"1","
"
"1","[15:45:16] WARNING: src/c_api/c_api.cc:935: `ntree_limit` is deprecated, use `iteration_range` instead.
"
"1","- Fold01.Rep1: eta=0.10, max_depth=9, gamma=0, colsample_bytree=0.5, min_child_weight=1, subsample=0.5, nrounds=100"
"1"," "
"1","
"
"1","+ Fold01.Rep1: eta=0.10, max_depth=9, gamma=0, colsample_bytree=0.5, min_child_weight=1, subsample=0.8, nrounds=100"
"1"," "
"1","
"
"1","[15:45:20] WARNING: src/c_api/c_api.cc:935: `ntree_limit` is deprecated, use `iteration_range` instead.
"
"1","- Fold01.Rep1: eta=0.10, max_depth=9, gamma=0, colsample_bytree=0.5, min_child_weight=1, subsample=0.8, nrounds=100"
"1"," "
"1","
"
"1","+ Fold01.Rep1: eta=0.10, max_depth=9, gamma=0, colsample_bytree=0.8, min_child_weight=1, subsample=0.5, nrounds=100"
"1"," "
"1","
"
"1","[15:45:25] WARNING: src/c_api/c_api.cc:935: `ntree_limit` is deprecated, use `iteration_range` instead.
"
"1","- Fold01.Rep1: eta=0.10, max_depth=9, gamma=0, colsample_bytree=0.8, min_child_weight=1, subsample=0.5, nrounds=100"
"1"," "
"1","
"
"1","+ Fold01.Rep1: eta=0.10, max_depth=9, gamma=0, colsample_bytree=0.8, min_child_weight=1, subsample=0.8, nrounds=100"
"1"," "
"1","
"
"1","[15:45:32] WARNING: src/c_api/c_api.cc:935: `ntree_limit` is deprecated, use `iteration_range` instead.
"
"1","- Fold01.Rep1: eta=0.10, max_depth=9, gamma=0, colsample_bytree=0.8, min_child_weight=1, subsample=0.8, nrounds=100"
"1"," "
"1","
"
"1","+ Fold02.Rep1: eta=0.01, max_depth=3, gamma=0, colsample_bytree=0.5, min_child_weight=1, subsample=0.5, nrounds=100"
"1"," "
"1","
"
"1","[15:45:34] WARNING: src/c_api/c_api.cc:935: `ntree_limit` is deprecated, use `iteration_range` instead.
"
"1","- Fold02.Rep1: eta=0.01, max_depth=3, gamma=0, colsample_bytree=0.5, min_child_weight=1, subsample=0.5, nrounds=100"
"1"," "
"1","
"
"1","+ Fold02.Rep1: eta=0.01, max_depth=3, gamma=0, colsample_bytree=0.5, min_child_weight=1, subsample=0.8, nrounds=100"
"1"," "
"1","
"
"1","[15:45:37] WARNING: src/c_api/c_api.cc:935: `ntree_limit` is deprecated, use `iteration_range` instead.
"
"1","- Fold02.Rep1: eta=0.01, max_depth=3, gamma=0, colsample_bytree=0.5, min_child_weight=1, subsample=0.8, nrounds=100"
"1"," "
"1","
"
"1","+ Fold02.Rep1: eta=0.01, max_depth=3, gamma=0, colsample_bytree=0.8, min_child_weight=1, subsample=0.5, nrounds=100"
"1"," "
"1","
"
"1","[15:45:39] WARNING: src/c_api/c_api.cc:935: `ntree_limit` is deprecated, use `iteration_range` instead.
"
"1","- Fold02.Rep1: eta=0.01, max_depth=3, gamma=0, colsample_bytree=0.8, min_child_weight=1, subsample=0.5, nrounds=100"
"1"," "
"1","
"
"1","+ Fold02.Rep1: eta=0.01, max_depth=3, gamma=0, colsample_bytree=0.8, min_child_weight=1, subsample=0.8, nrounds=100"
"1"," "
"1","
"
"1","[15:45:42] WARNING: src/c_api/c_api.cc:935: `ntree_limit` is deprecated, use `iteration_range` instead.
"
"1","- Fold02.Rep1: eta=0.01, max_depth=3, gamma=0, colsample_bytree=0.8, min_child_weight=1, subsample=0.8, nrounds=100"
"1"," "
"1","
"
"1","+ Fold02.Rep1: eta=0.01, max_depth=6, gamma=0, colsample_bytree=0.5, min_child_weight=1, subsample=0.5, nrounds=100"
"1"," "
"1","
"
"1","[15:45:46] WARNING: src/c_api/c_api.cc:935: `ntree_limit` is deprecated, use `iteration_range` instead.
"
"1","- Fold02.Rep1: eta=0.01, max_depth=6, gamma=0, colsample_bytree=0.5, min_child_weight=1, subsample=0.5, nrounds=100"
"1"," "
"1","
"
"1","+ Fold02.Rep1: eta=0.01, max_depth=6, gamma=0, colsample_bytree=0.5, min_child_weight=1, subsample=0.8, nrounds=100"
"1"," "
"1","
"
"1","[15:45:49] WARNING: src/c_api/c_api.cc:935: `ntree_limit` is deprecated, use `iteration_range` instead.
"
"1","- Fold02.Rep1: eta=0.01, max_depth=6, gamma=0, colsample_bytree=0.5, min_child_weight=1, subsample=0.8, nrounds=100"
"1"," "
"1","
"
"1","+ Fold02.Rep1: eta=0.01, max_depth=6, gamma=0, colsample_bytree=0.8, min_child_weight=1, subsample=0.5, nrounds=100"
"1"," "
"1","
"
"1","[15:45:53] WARNING: src/c_api/c_api.cc:935: `ntree_limit` is deprecated, use `iteration_range` instead.
"
"1","- Fold02.Rep1: eta=0.01, max_depth=6, gamma=0, colsample_bytree=0.8, min_child_weight=1, subsample=0.5, nrounds=100"
"1"," "
"1","
"
"1","+ Fold02.Rep1: eta=0.01, max_depth=6, gamma=0, colsample_bytree=0.8, min_child_weight=1, subsample=0.8, nrounds=100"
"1"," "
"1","
"
"1","[15:45:57] WARNING: src/c_api/c_api.cc:935: `ntree_limit` is deprecated, use `iteration_range` instead.
"
"1","- Fold02.Rep1: eta=0.01, max_depth=6, gamma=0, colsample_bytree=0.8, min_child_weight=1, subsample=0.8, nrounds=100"
"1"," "
"1","
"
"1","+ Fold02.Rep1: eta=0.01, max_depth=9, gamma=0, colsample_bytree=0.5, min_child_weight=1, subsample=0.5, nrounds=100"
"1"," "
"1","
"
"1","[15:46:01] WARNING: src/c_api/c_api.cc:935: `ntree_limit` is deprecated, use `iteration_range` instead.
"
"1","- Fold02.Rep1: eta=0.01, max_depth=9, gamma=0, colsample_bytree=0.5, min_child_weight=1, subsample=0.5, nrounds=100"
"1"," "
"1","
"
"1","+ Fold02.Rep1: eta=0.01, max_depth=9, gamma=0, colsample_bytree=0.5, min_child_weight=1, subsample=0.8, nrounds=100"
"1"," "
"1","
"
"1","[15:46:06] WARNING: src/c_api/c_api.cc:935: `ntree_limit` is deprecated, use `iteration_range` instead.
"
"1","- Fold02.Rep1: eta=0.01, max_depth=9, gamma=0, colsample_bytree=0.5, min_child_weight=1, subsample=0.8, nrounds=100"
"1"," "
"1","
"
"1","+ Fold02.Rep1: eta=0.01, max_depth=9, gamma=0, colsample_bytree=0.8, min_child_weight=1, subsample=0.5, nrounds=100"
"1"," "
"1","
"
"1","[15:46:11] WARNING: src/c_api/c_api.cc:935: `ntree_limit` is deprecated, use `iteration_range` instead.
"
"1","- Fold02.Rep1: eta=0.01, max_depth=9, gamma=0, colsample_bytree=0.8, min_child_weight=1, subsample=0.5, nrounds=100"
"1"," "
"1","
"
"1","+ Fold02.Rep1: eta=0.01, max_depth=9, gamma=0, colsample_bytree=0.8, min_child_weight=1, subsample=0.8, nrounds=100"
"1"," "
"1","
"
"1","[15:46:18] WARNING: src/c_api/c_api.cc:935: `ntree_limit` is deprecated, use `iteration_range` instead.
"
"1","- Fold02.Rep1: eta=0.01, max_depth=9, gamma=0, colsample_bytree=0.8, min_child_weight=1, subsample=0.8, nrounds=100"
"1"," "
"1","
"
"1","+ Fold02.Rep1: eta=0.10, max_depth=3, gamma=0, colsample_bytree=0.5, min_child_weight=1, subsample=0.5, nrounds=100"
"1"," "
"1","
"
"1","[15:46:21] WARNING: src/c_api/c_api.cc:935: `ntree_limit` is deprecated, use `iteration_range` instead.
"
"1","- Fold02.Rep1: eta=0.10, max_depth=3, gamma=0, colsample_bytree=0.5, min_child_weight=1, subsample=0.5, nrounds=100"
"1"," "
"1","
"
"1","+ Fold02.Rep1: eta=0.10, max_depth=3, gamma=0, colsample_bytree=0.5, min_child_weight=1, subsample=0.8, nrounds=100"
"1"," "
"1","
"
"1","[15:46:23] WARNING: src/c_api/c_api.cc:935: `ntree_limit` is deprecated, use `iteration_range` instead.
"
"1","- Fold02.Rep1: eta=0.10, max_depth=3, gamma=0, colsample_bytree=0.5, min_child_weight=1, subsample=0.8, nrounds=100"
"1"," "
"1","
"
"1","+ Fold02.Rep1: eta=0.10, max_depth=3, gamma=0, colsample_bytree=0.8, min_child_weight=1, subsample=0.5, nrounds=100"
"1"," "
"1","
"
"1","[15:46:26] WARNING: src/c_api/c_api.cc:935: `ntree_limit` is deprecated, use `iteration_range` instead.
"
"1","- Fold02.Rep1: eta=0.10, max_depth=3, gamma=0, colsample_bytree=0.8, min_child_weight=1, subsample=0.5, nrounds=100"
"1"," "
"1","
"
"1","+ Fold02.Rep1: eta=0.10, max_depth=3, gamma=0, colsample_bytree=0.8, min_child_weight=1, subsample=0.8, nrounds=100"
"1"," "
"1","
"
"1","[15:46:29] WARNING: src/c_api/c_api.cc:935: `ntree_limit` is deprecated, use `iteration_range` instead.
"
"1","- Fold02.Rep1: eta=0.10, max_depth=3, gamma=0, colsample_bytree=0.8, min_child_weight=1, subsample=0.8, nrounds=100"
"1"," "
"1","
"
"1","+ Fold02.Rep1: eta=0.10, max_depth=6, gamma=0, colsample_bytree=0.5, min_child_weight=1, subsample=0.5, nrounds=100"
"1"," "
"1","
"
"1","[15:46:32] WARNING: src/c_api/c_api.cc:935: `ntree_limit` is deprecated, use `iteration_range` instead.
"
"1","- Fold02.Rep1: eta=0.10, max_depth=6, gamma=0, colsample_bytree=0.5, min_child_weight=1, subsample=0.5, nrounds=100"
"1"," "
"1","
"
"1","+ Fold02.Rep1: eta=0.10, max_depth=6, gamma=0, colsample_bytree=0.5, min_child_weight=1, subsample=0.8, nrounds=100"
"1"," "
"1","
"
"1","[15:46:36] WARNING: src/c_api/c_api.cc:935: `ntree_limit` is deprecated, use `iteration_range` instead.
"
"1","- Fold02.Rep1: eta=0.10, max_depth=6, gamma=0, colsample_bytree=0.5, min_child_weight=1, subsample=0.8, nrounds=100"
"1"," "
"1","
"
"1","+ Fold02.Rep1: eta=0.10, max_depth=6, gamma=0, colsample_bytree=0.8, min_child_weight=1, subsample=0.5, nrounds=100"
"1"," "
"1","
"
"1","[15:46:41] WARNING: src/c_api/c_api.cc:935: `ntree_limit` is deprecated, use `iteration_range` instead.
"
"1","- Fold02.Rep1: eta=0.10, max_depth=6, gamma=0, colsample_bytree=0.8, min_child_weight=1, subsample=0.5, nrounds=100"
"1"," "
"1","
"
"1","+ Fold02.Rep1: eta=0.10, max_depth=6, gamma=0, colsample_bytree=0.8, min_child_weight=1, subsample=0.8, nrounds=100"
"1"," "
"1","
"
"1","[15:46:46] WARNING: src/c_api/c_api.cc:935: `ntree_limit` is deprecated, use `iteration_range` instead.
"
"1","- Fold02.Rep1: eta=0.10, max_depth=6, gamma=0, colsample_bytree=0.8, min_child_weight=1, subsample=0.8, nrounds=100"
"1"," "
"1","
"
"1","+ Fold02.Rep1: eta=0.10, max_depth=9, gamma=0, colsample_bytree=0.5, min_child_weight=1, subsample=0.5, nrounds=100"
"1"," "
"1","
"
"1","[15:46:51] WARNING: src/c_api/c_api.cc:935: `ntree_limit` is deprecated, use `iteration_range` instead.
"
"1","- Fold02.Rep1: eta=0.10, max_depth=9, gamma=0, colsample_bytree=0.5, min_child_weight=1, subsample=0.5, nrounds=100"
"1"," "
"1","
"
"1","+ Fold02.Rep1: eta=0.10, max_depth=9, gamma=0, colsample_bytree=0.5, min_child_weight=1, subsample=0.8, nrounds=100"
"1"," "
"1","
"
"1","[15:46:56] WARNING: src/c_api/c_api.cc:935: `ntree_limit` is deprecated, use `iteration_range` instead.
"
"1","- Fold02.Rep1: eta=0.10, max_depth=9, gamma=0, colsample_bytree=0.5, min_child_weight=1, subsample=0.8, nrounds=100"
"1"," "
"1","
"
"1","+ Fold02.Rep1: eta=0.10, max_depth=9, gamma=0, colsample_bytree=0.8, min_child_weight=1, subsample=0.5, nrounds=100"
"1"," "
"1","
"
"1","[15:47:03] WARNING: src/c_api/c_api.cc:935: `ntree_limit` is deprecated, use `iteration_range` instead.
"
"1","- Fold02.Rep1: eta=0.10, max_depth=9, gamma=0, colsample_bytree=0.8, min_child_weight=1, subsample=0.5, nrounds=100"
"1"," "
"1","
"
"1","+ Fold02.Rep1: eta=0.10, max_depth=9, gamma=0, colsample_bytree=0.8, min_child_weight=1, subsample=0.8, nrounds=100"
"1"," "
"1","
"
"1","[15:47:10] WARNING: src/c_api/c_api.cc:935: `ntree_limit` is deprecated, use `iteration_range` instead.
"
"1","- Fold02.Rep1: eta=0.10, max_depth=9, gamma=0, colsample_bytree=0.8, min_child_weight=1, subsample=0.8, nrounds=100"
"1"," "
"1","
"
"1","+ Fold03.Rep1: eta=0.01, max_depth=3, gamma=0, colsample_bytree=0.5, min_child_weight=1, subsample=0.5, nrounds=100"
"1"," "
"1","
"
"1","[15:47:13] WARNING: src/c_api/c_api.cc:935: `ntree_limit` is deprecated, use `iteration_range` instead.
"
"1","- Fold03.Rep1: eta=0.01, max_depth=3, gamma=0, colsample_bytree=0.5, min_child_weight=1, subsample=0.5, nrounds=100"
"1"," "
"1","
"
"1","+ Fold03.Rep1: eta=0.01, max_depth=3, gamma=0, colsample_bytree=0.5, min_child_weight=1, subsample=0.8, nrounds=100"
"1"," "
"1","
"
"1","[15:47:15] WARNING: src/c_api/c_api.cc:935: `ntree_limit` is deprecated, use `iteration_range` instead.
"
"1","- Fold03.Rep1: eta=0.01, max_depth=3, gamma=0, colsample_bytree=0.5, min_child_weight=1, subsample=0.8, nrounds=100"
"1"," "
"1","
"
"1","+ Fold03.Rep1: eta=0.01, max_depth=3, gamma=0, colsample_bytree=0.8, min_child_weight=1, subsample=0.5, nrounds=100"
"1"," "
"1","
"
"1","[15:47:18] WARNING: src/c_api/c_api.cc:935: `ntree_limit` is deprecated, use `iteration_range` instead.
"
"1","- Fold03.Rep1: eta=0.01, max_depth=3, gamma=0, colsample_bytree=0.8, min_child_weight=1, subsample=0.5, nrounds=100"
"1"," "
"1","
"
"1","+ Fold03.Rep1: eta=0.01, max_depth=3, gamma=0, colsample_bytree=0.8, min_child_weight=1, subsample=0.8, nrounds=100"
"1"," "
"1","
"
"1","[15:47:21] WARNING: src/c_api/c_api.cc:935: `ntree_limit` is deprecated, use `iteration_range` instead.
"
"1","- Fold03.Rep1: eta=0.01, max_depth=3, gamma=0, colsample_bytree=0.8, min_child_weight=1, subsample=0.8, nrounds=100"
"1"," "
"1","
"
"1","+ Fold03.Rep1: eta=0.01, max_depth=6, gamma=0, colsample_bytree=0.5, min_child_weight=1, subsample=0.5, nrounds=100"
"1"," "
"1","
"
"1","[15:47:24] WARNING: src/c_api/c_api.cc:935: `ntree_limit` is deprecated, use `iteration_range` instead.
"
"1","- Fold03.Rep1: eta=0.01, max_depth=6, gamma=0, colsample_bytree=0.5, min_child_weight=1, subsample=0.5, nrounds=100"
"1"," "
"1","
"
"1","+ Fold03.Rep1: eta=0.01, max_depth=6, gamma=0, colsample_bytree=0.5, min_child_weight=1, subsample=0.8, nrounds=100"
"1"," "
"1","
"
"1","[15:47:29] WARNING: src/c_api/c_api.cc:935: `ntree_limit` is deprecated, use `iteration_range` instead.
"
"1","- Fold03.Rep1: eta=0.01, max_depth=6, gamma=0, colsample_bytree=0.5, min_child_weight=1, subsample=0.8, nrounds=100"
"1"," "
"1","
"
"1","+ Fold03.Rep1: eta=0.01, max_depth=6, gamma=0, colsample_bytree=0.8, min_child_weight=1, subsample=0.5, nrounds=100"
"1"," "
"1","
"
"1","[15:47:34] WARNING: src/c_api/c_api.cc:935: `ntree_limit` is deprecated, use `iteration_range` instead.
"
"1","- Fold03.Rep1: eta=0.01, max_depth=6, gamma=0, colsample_bytree=0.8, min_child_weight=1, subsample=0.5, nrounds=100"
"1"," "
"1","
"
"1","+ Fold03.Rep1: eta=0.01, max_depth=6, gamma=0, colsample_bytree=0.8, min_child_weight=1, subsample=0.8, nrounds=100"
"1"," "
"1","
"
"1","[15:47:39] WARNING: src/c_api/c_api.cc:935: `ntree_limit` is deprecated, use `iteration_range` instead.
"
"1","- Fold03.Rep1: eta=0.01, max_depth=6, gamma=0, colsample_bytree=0.8, min_child_weight=1, subsample=0.8, nrounds=100"
"1"," "
"1","
"
"1","+ Fold03.Rep1: eta=0.01, max_depth=9, gamma=0, colsample_bytree=0.5, min_child_weight=1, subsample=0.5, nrounds=100"
"1"," "
"1","
"
"1","[15:47:44] WARNING: src/c_api/c_api.cc:935: `ntree_limit` is deprecated, use `iteration_range` instead.
"
"1","- Fold03.Rep1: eta=0.01, max_depth=9, gamma=0, colsample_bytree=0.5, min_child_weight=1, subsample=0.5, nrounds=100"
"1"," "
"1","
"
"1","+ Fold03.Rep1: eta=0.01, max_depth=9, gamma=0, colsample_bytree=0.5, min_child_weight=1, subsample=0.8, nrounds=100"
"1"," "
"1","
"
"1","[15:47:49] WARNING: src/c_api/c_api.cc:935: `ntree_limit` is deprecated, use `iteration_range` instead.
"
"1","- Fold03.Rep1: eta=0.01, max_depth=9, gamma=0, colsample_bytree=0.5, min_child_weight=1, subsample=0.8, nrounds=100"
"1"," "
"1","
"
"1","+ Fold03.Rep1: eta=0.01, max_depth=9, gamma=0, colsample_bytree=0.8, min_child_weight=1, subsample=0.5, nrounds=100"
"1"," "
"1","
"
"1","[15:47:56] WARNING: src/c_api/c_api.cc:935: `ntree_limit` is deprecated, use `iteration_range` instead.
"
"1","- Fold03.Rep1: eta=0.01, max_depth=9, gamma=0, colsample_bytree=0.8, min_child_weight=1, subsample=0.5, nrounds=100"
"1"," "
"1","
"
"1","+ Fold03.Rep1: eta=0.01, max_depth=9, gamma=0, colsample_bytree=0.8, min_child_weight=1, subsample=0.8, nrounds=100"
"1"," "
"1","
"
"1","[15:48:03] WARNING: src/c_api/c_api.cc:935: `ntree_limit` is deprecated, use `iteration_range` instead.
"
"1","- Fold03.Rep1: eta=0.01, max_depth=9, gamma=0, colsample_bytree=0.8, min_child_weight=1, subsample=0.8, nrounds=100"
"1"," "
"1","
"
"1","+ Fold03.Rep1: eta=0.10, max_depth=3, gamma=0, colsample_bytree=0.5, min_child_weight=1, subsample=0.5, nrounds=100"
"1"," "
"1","
"
"1","[15:48:05] WARNING: src/c_api/c_api.cc:935: `ntree_limit` is deprecated, use `iteration_range` instead.
"
"1","- Fold03.Rep1: eta=0.10, max_depth=3, gamma=0, colsample_bytree=0.5, min_child_weight=1, subsample=0.5, nrounds=100"
"1"," "
"1","
"
"1","+ Fold03.Rep1: eta=0.10, max_depth=3, gamma=0, colsample_bytree=0.5, min_child_weight=1, subsample=0.8, nrounds=100"
"1"," "
"1","
"
"1","[15:48:07] WARNING: src/c_api/c_api.cc:935: `ntree_limit` is deprecated, use `iteration_range` instead.
"
"1","- Fold03.Rep1: eta=0.10, max_depth=3, gamma=0, colsample_bytree=0.5, min_child_weight=1, subsample=0.8, nrounds=100"
"1"," "
"1","
"
"1","+ Fold03.Rep1: eta=0.10, max_depth=3, gamma=0, colsample_bytree=0.8, min_child_weight=1, subsample=0.5, nrounds=100"
"1"," "
"1","
"
"1","[15:48:10] WARNING: src/c_api/c_api.cc:935: `ntree_limit` is deprecated, use `iteration_range` instead.
"
"1","- Fold03.Rep1: eta=0.10, max_depth=3, gamma=0, colsample_bytree=0.8, min_child_weight=1, subsample=0.5, nrounds=100"
"1"," "
"1","
"
"1","+ Fold03.Rep1: eta=0.10, max_depth=3, gamma=0, colsample_bytree=0.8, min_child_weight=1, subsample=0.8, nrounds=100"
"1"," "
"1","
"
"1","[15:48:13] WARNING: src/c_api/c_api.cc:935: `ntree_limit` is deprecated, use `iteration_range` instead.
"
"1","- Fold03.Rep1: eta=0.10, max_depth=3, gamma=0, colsample_bytree=0.8, min_child_weight=1, subsample=0.8, nrounds=100"
"1"," "
"1","
"
"1","+ Fold03.Rep1: eta=0.10, max_depth=6, gamma=0, colsample_bytree=0.5, min_child_weight=1, subsample=0.5, nrounds=100"
"1"," "
"1","
"
"1","[15:48:16] WARNING: src/c_api/c_api.cc:935: `ntree_limit` is deprecated, use `iteration_range` instead.
"
"1","- Fold03.Rep1: eta=0.10, max_depth=6, gamma=0, colsample_bytree=0.5, min_child_weight=1, subsample=0.5, nrounds=100"
"1"," "
"1","
"
"1","+ Fold03.Rep1: eta=0.10, max_depth=6, gamma=0, colsample_bytree=0.5, min_child_weight=1, subsample=0.8, nrounds=100"
"1"," "
"1","
"
"1","[15:48:20] WARNING: src/c_api/c_api.cc:935: `ntree_limit` is deprecated, use `iteration_range` instead.
"
"1","- Fold03.Rep1: eta=0.10, max_depth=6, gamma=0, colsample_bytree=0.5, min_child_weight=1, subsample=0.8, nrounds=100"
"1"," "
"1","
"
"1","+ Fold03.Rep1: eta=0.10, max_depth=6, gamma=0, colsample_bytree=0.8, min_child_weight=1, subsample=0.5, nrounds=100"
"1"," "
"1","
"
"1","[15:48:25] WARNING: src/c_api/c_api.cc:935: `ntree_limit` is deprecated, use `iteration_range` instead.
"
"1","- Fold03.Rep1: eta=0.10, max_depth=6, gamma=0, colsample_bytree=0.8, min_child_weight=1, subsample=0.5, nrounds=100"
"1"," "
"1","
"
"1","+ Fold03.Rep1: eta=0.10, max_depth=6, gamma=0, colsample_bytree=0.8, min_child_weight=1, subsample=0.8, nrounds=100"
"1"," "
"1","
"
"1","[15:48:30] WARNING: src/c_api/c_api.cc:935: `ntree_limit` is deprecated, use `iteration_range` instead.
"
"1","- Fold03.Rep1: eta=0.10, max_depth=6, gamma=0, colsample_bytree=0.8, min_child_weight=1, subsample=0.8, nrounds=100"
"1"," "
"1","
"
"1","+ Fold03.Rep1: eta=0.10, max_depth=9, gamma=0, colsample_bytree=0.5, min_child_weight=1, subsample=0.5, nrounds=100"
"1"," "
"1","
"
"1","[15:48:35] WARNING: src/c_api/c_api.cc:935: `ntree_limit` is deprecated, use `iteration_range` instead.
"
"1","- Fold03.Rep1: eta=0.10, max_depth=9, gamma=0, colsample_bytree=0.5, min_child_weight=1, subsample=0.5, nrounds=100"
"1"," "
"1","
"
"1","+ Fold03.Rep1: eta=0.10, max_depth=9, gamma=0, colsample_bytree=0.5, min_child_weight=1, subsample=0.8, nrounds=100"
"1"," "
"1","
"
"1","[15:48:40] WARNING: src/c_api/c_api.cc:935: `ntree_limit` is deprecated, use `iteration_range` instead.
"
"1","- Fold03.Rep1: eta=0.10, max_depth=9, gamma=0, colsample_bytree=0.5, min_child_weight=1, subsample=0.8, nrounds=100"
"1"," "
"1","
"
"1","+ Fold03.Rep1: eta=0.10, max_depth=9, gamma=0, colsample_bytree=0.8, min_child_weight=1, subsample=0.5, nrounds=100"
"1"," "
"1","
"
"1","[15:48:47] WARNING: src/c_api/c_api.cc:935: `ntree_limit` is deprecated, use `iteration_range` instead.
"
"1","- Fold03.Rep1: eta=0.10, max_depth=9, gamma=0, colsample_bytree=0.8, min_child_weight=1, subsample=0.5, nrounds=100"
"1"," "
"1","
"
"1","+ Fold03.Rep1: eta=0.10, max_depth=9, gamma=0, colsample_bytree=0.8, min_child_weight=1, subsample=0.8, nrounds=100"
"1"," "
"1","
"
"1","[15:48:54] WARNING: src/c_api/c_api.cc:935: `ntree_limit` is deprecated, use `iteration_range` instead.
"
"1","- Fold03.Rep1: eta=0.10, max_depth=9, gamma=0, colsample_bytree=0.8, min_child_weight=1, subsample=0.8, nrounds=100"
"1"," "
"1","
"
"1","+ Fold04.Rep1: eta=0.01, max_depth=3, gamma=0, colsample_bytree=0.5, min_child_weight=1, subsample=0.5, nrounds=100"
"1"," "
"1","
"
"1","[15:48:56] WARNING: src/c_api/c_api.cc:935: `ntree_limit` is deprecated, use `iteration_range` instead.
"
"1","- Fold04.Rep1: eta=0.01, max_depth=3, gamma=0, colsample_bytree=0.5, min_child_weight=1, subsample=0.5, nrounds=100"
"1"," "
"1","
"
"1","+ Fold04.Rep1: eta=0.01, max_depth=3, gamma=0, colsample_bytree=0.5, min_child_weight=1, subsample=0.8, nrounds=100"
"1"," "
"1","
"
"1","[15:48:58] WARNING: src/c_api/c_api.cc:935: `ntree_limit` is deprecated, use `iteration_range` instead.
"
"1","- Fold04.Rep1: eta=0.01, max_depth=3, gamma=0, colsample_bytree=0.5, min_child_weight=1, subsample=0.8, nrounds=100"
"1"," "
"1","
"
"1","+ Fold04.Rep1: eta=0.01, max_depth=3, gamma=0, colsample_bytree=0.8, min_child_weight=1, subsample=0.5, nrounds=100"
"1"," "
"1","
"
"1","[15:49:01] WARNING: src/c_api/c_api.cc:935: `ntree_limit` is deprecated, use `iteration_range` instead.
"
"1","- Fold04.Rep1: eta=0.01, max_depth=3, gamma=0, colsample_bytree=0.8, min_child_weight=1, subsample=0.5, nrounds=100"
"1"," "
"1","
"
"1","+ Fold04.Rep1: eta=0.01, max_depth=3, gamma=0, colsample_bytree=0.8, min_child_weight=1, subsample=0.8, nrounds=100"
"1"," "
"1","
"
"1","[15:49:04] WARNING: src/c_api/c_api.cc:935: `ntree_limit` is deprecated, use `iteration_range` instead.
"
"1","- Fold04.Rep1: eta=0.01, max_depth=3, gamma=0, colsample_bytree=0.8, min_child_weight=1, subsample=0.8, nrounds=100"
"1"," "
"1","
"
"1","+ Fold04.Rep1: eta=0.01, max_depth=6, gamma=0, colsample_bytree=0.5, min_child_weight=1, subsample=0.5, nrounds=100"
"1"," "
"1","
"
"1","[15:49:08] WARNING: src/c_api/c_api.cc:935: `ntree_limit` is deprecated, use `iteration_range` instead.
"
"1","- Fold04.Rep1: eta=0.01, max_depth=6, gamma=0, colsample_bytree=0.5, min_child_weight=1, subsample=0.5, nrounds=100"
"1"," "
"1","
"
"1","+ Fold04.Rep1: eta=0.01, max_depth=6, gamma=0, colsample_bytree=0.5, min_child_weight=1, subsample=0.8, nrounds=100"
"1"," "
"1","
"
"1","[15:49:11] WARNING: src/c_api/c_api.cc:935: `ntree_limit` is deprecated, use `iteration_range` instead.
"
"1","- Fold04.Rep1: eta=0.01, max_depth=6, gamma=0, colsample_bytree=0.5, min_child_weight=1, subsample=0.8, nrounds=100"
"1"," "
"1","
"
"1","+ Fold04.Rep1: eta=0.01, max_depth=6, gamma=0, colsample_bytree=0.8, min_child_weight=1, subsample=0.5, nrounds=100"
"1"," "
"1","
"
"1","[15:49:16] WARNING: src/c_api/c_api.cc:935: `ntree_limit` is deprecated, use `iteration_range` instead.
"
"1","- Fold04.Rep1: eta=0.01, max_depth=6, gamma=0, colsample_bytree=0.8, min_child_weight=1, subsample=0.5, nrounds=100"
"1"," "
"1","
"
"1","+ Fold04.Rep1: eta=0.01, max_depth=6, gamma=0, colsample_bytree=0.8, min_child_weight=1, subsample=0.8, nrounds=100"
"1"," "
"1","
"
"1","[15:49:21] WARNING: src/c_api/c_api.cc:935: `ntree_limit` is deprecated, use `iteration_range` instead.
"
"1","- Fold04.Rep1: eta=0.01, max_depth=6, gamma=0, colsample_bytree=0.8, min_child_weight=1, subsample=0.8, nrounds=100"
"1"," "
"1","
"
"1","+ Fold04.Rep1: eta=0.01, max_depth=9, gamma=0, colsample_bytree=0.5, min_child_weight=1, subsample=0.5, nrounds=100"
"1"," "
"1","
"
"1","[15:49:26] WARNING: src/c_api/c_api.cc:935: `ntree_limit` is deprecated, use `iteration_range` instead.
"
"1","- Fold04.Rep1: eta=0.01, max_depth=9, gamma=0, colsample_bytree=0.5, min_child_weight=1, subsample=0.5, nrounds=100"
"1"," "
"1","
"
"1","+ Fold04.Rep1: eta=0.01, max_depth=9, gamma=0, colsample_bytree=0.5, min_child_weight=1, subsample=0.8, nrounds=100"
"1"," "
"1","
"
"1","[15:49:31] WARNING: src/c_api/c_api.cc:935: `ntree_limit` is deprecated, use `iteration_range` instead.
"
"1","- Fold04.Rep1: eta=0.01, max_depth=9, gamma=0, colsample_bytree=0.5, min_child_weight=1, subsample=0.8, nrounds=100"
"1"," "
"1","
"
"1","+ Fold04.Rep1: eta=0.01, max_depth=9, gamma=0, colsample_bytree=0.8, min_child_weight=1, subsample=0.5, nrounds=100"
"1"," "
"1","
"
"1","[15:49:37] WARNING: src/c_api/c_api.cc:935: `ntree_limit` is deprecated, use `iteration_range` instead.
"
"1","- Fold04.Rep1: eta=0.01, max_depth=9, gamma=0, colsample_bytree=0.8, min_child_weight=1, subsample=0.5, nrounds=100"
"1"," "
"1","
"
"1","+ Fold04.Rep1: eta=0.01, max_depth=9, gamma=0, colsample_bytree=0.8, min_child_weight=1, subsample=0.8, nrounds=100"
"1"," "
"1","
"
"1","[15:49:44] WARNING: src/c_api/c_api.cc:935: `ntree_limit` is deprecated, use `iteration_range` instead.
"
"1","- Fold04.Rep1: eta=0.01, max_depth=9, gamma=0, colsample_bytree=0.8, min_child_weight=1, subsample=0.8, nrounds=100"
"1"," "
"1","
"
"1","+ Fold04.Rep1: eta=0.10, max_depth=3, gamma=0, colsample_bytree=0.5, min_child_weight=1, subsample=0.5, nrounds=100"
"1"," "
"1","
"
"1","[15:49:47] WARNING: src/c_api/c_api.cc:935: `ntree_limit` is deprecated, use `iteration_range` instead.
"
"1","- Fold04.Rep1: eta=0.10, max_depth=3, gamma=0, colsample_bytree=0.5, min_child_weight=1, subsample=0.5, nrounds=100"
"1"," "
"1","
"
"1","+ Fold04.Rep1: eta=0.10, max_depth=3, gamma=0, colsample_bytree=0.5, min_child_weight=1, subsample=0.8, nrounds=100"
"1"," "
"1","
"
"1","[15:49:49] WARNING: src/c_api/c_api.cc:935: `ntree_limit` is deprecated, use `iteration_range` instead.
"
"1","- Fold04.Rep1: eta=0.10, max_depth=3, gamma=0, colsample_bytree=0.5, min_child_weight=1, subsample=0.8, nrounds=100"
"1"," "
"1","
"
"1","+ Fold04.Rep1: eta=0.10, max_depth=3, gamma=0, colsample_bytree=0.8, min_child_weight=1, subsample=0.5, nrounds=100"
"1"," "
"1","
"
"1","[15:49:52] WARNING: src/c_api/c_api.cc:935: `ntree_limit` is deprecated, use `iteration_range` instead.
"
"1","- Fold04.Rep1: eta=0.10, max_depth=3, gamma=0, colsample_bytree=0.8, min_child_weight=1, subsample=0.5, nrounds=100"
"1"," "
"1","
"
"1","+ Fold04.Rep1: eta=0.10, max_depth=3, gamma=0, colsample_bytree=0.8, min_child_weight=1, subsample=0.8, nrounds=100"
"1"," "
"1","
"
"1","[15:49:55] WARNING: src/c_api/c_api.cc:935: `ntree_limit` is deprecated, use `iteration_range` instead.
"
"1","- Fold04.Rep1: eta=0.10, max_depth=3, gamma=0, colsample_bytree=0.8, min_child_weight=1, subsample=0.8, nrounds=100"
"1"," "
"1","
"
"1","+ Fold04.Rep1: eta=0.10, max_depth=6, gamma=0, colsample_bytree=0.5, min_child_weight=1, subsample=0.5, nrounds=100"
"1"," "
"1","
"
"1","[15:49:58] WARNING: src/c_api/c_api.cc:935: `ntree_limit` is deprecated, use `iteration_range` instead.
"
"1","- Fold04.Rep1: eta=0.10, max_depth=6, gamma=0, colsample_bytree=0.5, min_child_weight=1, subsample=0.5, nrounds=100"
"1"," "
"1","
"
"1","+ Fold04.Rep1: eta=0.10, max_depth=6, gamma=0, colsample_bytree=0.5, min_child_weight=1, subsample=0.8, nrounds=100"
"1"," "
"1","
"
"1","[15:50:02] WARNING: src/c_api/c_api.cc:935: `ntree_limit` is deprecated, use `iteration_range` instead.
"
"1","- Fold04.Rep1: eta=0.10, max_depth=6, gamma=0, colsample_bytree=0.5, min_child_weight=1, subsample=0.8, nrounds=100"
"1"," "
"1","
"
"1","+ Fold04.Rep1: eta=0.10, max_depth=6, gamma=0, colsample_bytree=0.8, min_child_weight=1, subsample=0.5, nrounds=100"
"1"," "
"1","
"
"1","[15:50:07] WARNING: src/c_api/c_api.cc:935: `ntree_limit` is deprecated, use `iteration_range` instead.
"
"1","- Fold04.Rep1: eta=0.10, max_depth=6, gamma=0, colsample_bytree=0.8, min_child_weight=1, subsample=0.5, nrounds=100"
"1"," "
"1","
"
"1","+ Fold04.Rep1: eta=0.10, max_depth=6, gamma=0, colsample_bytree=0.8, min_child_weight=1, subsample=0.8, nrounds=100"
"1"," "
"1","
"
"1","[15:50:12] WARNING: src/c_api/c_api.cc:935: `ntree_limit` is deprecated, use `iteration_range` instead.
"
"1","- Fold04.Rep1: eta=0.10, max_depth=6, gamma=0, colsample_bytree=0.8, min_child_weight=1, subsample=0.8, nrounds=100"
"1"," "
"1","
"
"1","+ Fold04.Rep1: eta=0.10, max_depth=9, gamma=0, colsample_bytree=0.5, min_child_weight=1, subsample=0.5, nrounds=100"
"1"," "
"1","
"
"1","[15:50:17] WARNING: src/c_api/c_api.cc:935: `ntree_limit` is deprecated, use `iteration_range` instead.
"
"1","- Fold04.Rep1: eta=0.10, max_depth=9, gamma=0, colsample_bytree=0.5, min_child_weight=1, subsample=0.5, nrounds=100"
"1"," "
"1","
"
"1","+ Fold04.Rep1: eta=0.10, max_depth=9, gamma=0, colsample_bytree=0.5, min_child_weight=1, subsample=0.8, nrounds=100"
"1"," "
"1","
"
"1","[15:50:22] WARNING: src/c_api/c_api.cc:935: `ntree_limit` is deprecated, use `iteration_range` instead.
"
"1","- Fold04.Rep1: eta=0.10, max_depth=9, gamma=0, colsample_bytree=0.5, min_child_weight=1, subsample=0.8, nrounds=100"
"1"," "
"1","
"
"1","+ Fold04.Rep1: eta=0.10, max_depth=9, gamma=0, colsample_bytree=0.8, min_child_weight=1, subsample=0.5, nrounds=100"
"1"," "
"1","
"
"1","[15:50:29] WARNING: src/c_api/c_api.cc:935: `ntree_limit` is deprecated, use `iteration_range` instead.
"
"1","- Fold04.Rep1: eta=0.10, max_depth=9, gamma=0, colsample_bytree=0.8, min_child_weight=1, subsample=0.5, nrounds=100"
"1"," "
"1","
"
"1","+ Fold04.Rep1: eta=0.10, max_depth=9, gamma=0, colsample_bytree=0.8, min_child_weight=1, subsample=0.8, nrounds=100"
"1"," "
"1","
"
"1","[15:50:36] WARNING: src/c_api/c_api.cc:935: `ntree_limit` is deprecated, use `iteration_range` instead.
"
"1","- Fold04.Rep1: eta=0.10, max_depth=9, gamma=0, colsample_bytree=0.8, min_child_weight=1, subsample=0.8, nrounds=100"
"1"," "
"1","
"
"1","+ Fold05.Rep1: eta=0.01, max_depth=3, gamma=0, colsample_bytree=0.5, min_child_weight=1, subsample=0.5, nrounds=100"
"1"," "
"1","
"
"1","[15:50:39] WARNING: src/c_api/c_api.cc:935: `ntree_limit` is deprecated, use `iteration_range` instead.
"
"1","- Fold05.Rep1: eta=0.01, max_depth=3, gamma=0, colsample_bytree=0.5, min_child_weight=1, subsample=0.5, nrounds=100"
"1"," "
"1","
"
"1","+ Fold05.Rep1: eta=0.01, max_depth=3, gamma=0, colsample_bytree=0.5, min_child_weight=1, subsample=0.8, nrounds=100"
"1"," "
"1","
"
"1","[15:50:41] WARNING: src/c_api/c_api.cc:935: `ntree_limit` is deprecated, use `iteration_range` instead.
"
"1","- Fold05.Rep1: eta=0.01, max_depth=3, gamma=0, colsample_bytree=0.5, min_child_weight=1, subsample=0.8, nrounds=100"
"1"," "
"1","
"
"1","+ Fold05.Rep1: eta=0.01, max_depth=3, gamma=0, colsample_bytree=0.8, min_child_weight=1, subsample=0.5, nrounds=100"
"1"," "
"1","
"
"1","[15:50:44] WARNING: src/c_api/c_api.cc:935: `ntree_limit` is deprecated, use `iteration_range` instead.
"
"1","- Fold05.Rep1: eta=0.01, max_depth=3, gamma=0, colsample_bytree=0.8, min_child_weight=1, subsample=0.5, nrounds=100"
"1"," "
"1","
"
"1","+ Fold05.Rep1: eta=0.01, max_depth=3, gamma=0, colsample_bytree=0.8, min_child_weight=1, subsample=0.8, nrounds=100"
"1"," "
"1","
"
"1","[15:50:47] WARNING: src/c_api/c_api.cc:935: `ntree_limit` is deprecated, use `iteration_range` instead.
"
"1","- Fold05.Rep1: eta=0.01, max_depth=3, gamma=0, colsample_bytree=0.8, min_child_weight=1, subsample=0.8, nrounds=100"
"1"," "
"1","
"
"1","+ Fold05.Rep1: eta=0.01, max_depth=6, gamma=0, colsample_bytree=0.5, min_child_weight=1, subsample=0.5, nrounds=100"
"1"," "
"1","
"
"1","[15:50:50] WARNING: src/c_api/c_api.cc:935: `ntree_limit` is deprecated, use `iteration_range` instead.
"
"1","- Fold05.Rep1: eta=0.01, max_depth=6, gamma=0, colsample_bytree=0.5, min_child_weight=1, subsample=0.5, nrounds=100"
"1"," "
"1","
"
"1","+ Fold05.Rep1: eta=0.01, max_depth=6, gamma=0, colsample_bytree=0.5, min_child_weight=1, subsample=0.8, nrounds=100"
"1"," "
"1","
"
"1","[15:50:54] WARNING: src/c_api/c_api.cc:935: `ntree_limit` is deprecated, use `iteration_range` instead.
"
"1","- Fold05.Rep1: eta=0.01, max_depth=6, gamma=0, colsample_bytree=0.5, min_child_weight=1, subsample=0.8, nrounds=100"
"1"," "
"1","
"
"1","+ Fold05.Rep1: eta=0.01, max_depth=6, gamma=0, colsample_bytree=0.8, min_child_weight=1, subsample=0.5, nrounds=100"
"1"," "
"1","
"
"1","[15:50:58] WARNING: src/c_api/c_api.cc:935: `ntree_limit` is deprecated, use `iteration_range` instead.
"
"1","- Fold05.Rep1: eta=0.01, max_depth=6, gamma=0, colsample_bytree=0.8, min_child_weight=1, subsample=0.5, nrounds=100"
"1"," "
"1","
"
"1","+ Fold05.Rep1: eta=0.01, max_depth=6, gamma=0, colsample_bytree=0.8, min_child_weight=1, subsample=0.8, nrounds=100"
"1"," "
"1","
"
"1","[15:51:04] WARNING: src/c_api/c_api.cc:935: `ntree_limit` is deprecated, use `iteration_range` instead.
"
"1","- Fold05.Rep1: eta=0.01, max_depth=6, gamma=0, colsample_bytree=0.8, min_child_weight=1, subsample=0.8, nrounds=100"
"1"," "
"1","
"
"1","+ Fold05.Rep1: eta=0.01, max_depth=9, gamma=0, colsample_bytree=0.5, min_child_weight=1, subsample=0.5, nrounds=100"
"1"," "
"1","
"
"1","[15:51:08] WARNING: src/c_api/c_api.cc:935: `ntree_limit` is deprecated, use `iteration_range` instead.
"
"1","- Fold05.Rep1: eta=0.01, max_depth=9, gamma=0, colsample_bytree=0.5, min_child_weight=1, subsample=0.5, nrounds=100"
"1"," "
"1","
"
"1","+ Fold05.Rep1: eta=0.01, max_depth=9, gamma=0, colsample_bytree=0.5, min_child_weight=1, subsample=0.8, nrounds=100"
"1"," "
"1","
"
"1","[15:51:13] WARNING: src/c_api/c_api.cc:935: `ntree_limit` is deprecated, use `iteration_range` instead.
"
"1","- Fold05.Rep1: eta=0.01, max_depth=9, gamma=0, colsample_bytree=0.5, min_child_weight=1, subsample=0.8, nrounds=100"
"1"," "
"1","
"
"1","+ Fold05.Rep1: eta=0.01, max_depth=9, gamma=0, colsample_bytree=0.8, min_child_weight=1, subsample=0.5, nrounds=100"
"1"," "
"1","
"
"1","[15:51:20] WARNING: src/c_api/c_api.cc:935: `ntree_limit` is deprecated, use `iteration_range` instead.
"
"1","- Fold05.Rep1: eta=0.01, max_depth=9, gamma=0, colsample_bytree=0.8, min_child_weight=1, subsample=0.5, nrounds=100"
"1"," "
"1","
"
"1","+ Fold05.Rep1: eta=0.01, max_depth=9, gamma=0, colsample_bytree=0.8, min_child_weight=1, subsample=0.8, nrounds=100"
"1"," "
"1","
"
"1","[15:51:27] WARNING: src/c_api/c_api.cc:935: `ntree_limit` is deprecated, use `iteration_range` instead.
"
"1","- Fold05.Rep1: eta=0.01, max_depth=9, gamma=0, colsample_bytree=0.8, min_child_weight=1, subsample=0.8, nrounds=100"
"1"," "
"1","
"
"1","+ Fold05.Rep1: eta=0.10, max_depth=3, gamma=0, colsample_bytree=0.5, min_child_weight=1, subsample=0.5, nrounds=100"
"1"," "
"1","
"
"1","[15:51:29] WARNING: src/c_api/c_api.cc:935: `ntree_limit` is deprecated, use `iteration_range` instead.
"
"1","- Fold05.Rep1: eta=0.10, max_depth=3, gamma=0, colsample_bytree=0.5, min_child_weight=1, subsample=0.5, nrounds=100"
"1"," "
"1","
"
"1","+ Fold05.Rep1: eta=0.10, max_depth=3, gamma=0, colsample_bytree=0.5, min_child_weight=1, subsample=0.8, nrounds=100"
"1"," "
"1","
"
"1","[15:51:31] WARNING: src/c_api/c_api.cc:935: `ntree_limit` is deprecated, use `iteration_range` instead.
"
"1","- Fold05.Rep1: eta=0.10, max_depth=3, gamma=0, colsample_bytree=0.5, min_child_weight=1, subsample=0.8, nrounds=100"
"1"," "
"1","
"
"1","+ Fold05.Rep1: eta=0.10, max_depth=3, gamma=0, colsample_bytree=0.8, min_child_weight=1, subsample=0.5, nrounds=100"
"1"," "
"1","
"
"1","[15:51:34] WARNING: src/c_api/c_api.cc:935: `ntree_limit` is deprecated, use `iteration_range` instead.
"
"1","- Fold05.Rep1: eta=0.10, max_depth=3, gamma=0, colsample_bytree=0.8, min_child_weight=1, subsample=0.5, nrounds=100"
"1"," "
"1","
"
"1","+ Fold05.Rep1: eta=0.10, max_depth=3, gamma=0, colsample_bytree=0.8, min_child_weight=1, subsample=0.8, nrounds=100"
"1"," "
"1","
"
"1","[15:51:37] WARNING: src/c_api/c_api.cc:935: `ntree_limit` is deprecated, use `iteration_range` instead.
"
"1","- Fold05.Rep1: eta=0.10, max_depth=3, gamma=0, colsample_bytree=0.8, min_child_weight=1, subsample=0.8, nrounds=100"
"1"," "
"1","
"
"1","+ Fold05.Rep1: eta=0.10, max_depth=6, gamma=0, colsample_bytree=0.5, min_child_weight=1, subsample=0.5, nrounds=100"
"1"," "
"1","
"
"1","[15:51:41] WARNING: src/c_api/c_api.cc:935: `ntree_limit` is deprecated, use `iteration_range` instead.
"
"1","- Fold05.Rep1: eta=0.10, max_depth=6, gamma=0, colsample_bytree=0.5, min_child_weight=1, subsample=0.5, nrounds=100"
"1"," "
"1","
"
"1","+ Fold05.Rep1: eta=0.10, max_depth=6, gamma=0, colsample_bytree=0.5, min_child_weight=1, subsample=0.8, nrounds=100"
"1"," "
"1","
"
"1","[15:51:44] WARNING: src/c_api/c_api.cc:935: `ntree_limit` is deprecated, use `iteration_range` instead.
"
"1","- Fold05.Rep1: eta=0.10, max_depth=6, gamma=0, colsample_bytree=0.5, min_child_weight=1, subsample=0.8, nrounds=100"
"1"," "
"1","
"
"1","+ Fold05.Rep1: eta=0.10, max_depth=6, gamma=0, colsample_bytree=0.8, min_child_weight=1, subsample=0.5, nrounds=100"
"1"," "
"1","
"
"1","[15:51:50] WARNING: src/c_api/c_api.cc:935: `ntree_limit` is deprecated, use `iteration_range` instead.
"
"1","- Fold05.Rep1: eta=0.10, max_depth=6, gamma=0, colsample_bytree=0.8, min_child_weight=1, subsample=0.5, nrounds=100"
"1"," "
"1","
"
"1","+ Fold05.Rep1: eta=0.10, max_depth=6, gamma=0, colsample_bytree=0.8, min_child_weight=1, subsample=0.8, nrounds=100"
"1"," "
"1","
"
"1","[15:51:55] WARNING: src/c_api/c_api.cc:935: `ntree_limit` is deprecated, use `iteration_range` instead.
"
"1","- Fold05.Rep1: eta=0.10, max_depth=6, gamma=0, colsample_bytree=0.8, min_child_weight=1, subsample=0.8, nrounds=100"
"1"," "
"1","
"
"1","+ Fold05.Rep1: eta=0.10, max_depth=9, gamma=0, colsample_bytree=0.5, min_child_weight=1, subsample=0.5, nrounds=100"
"1"," "
"1","
"
"1","[15:52:00] WARNING: src/c_api/c_api.cc:935: `ntree_limit` is deprecated, use `iteration_range` instead.
"
"1","- Fold05.Rep1: eta=0.10, max_depth=9, gamma=0, colsample_bytree=0.5, min_child_weight=1, subsample=0.5, nrounds=100"
"1"," "
"1","
"
"1","+ Fold05.Rep1: eta=0.10, max_depth=9, gamma=0, colsample_bytree=0.5, min_child_weight=1, subsample=0.8, nrounds=100"
"1"," "
"1","
"
"1","[15:52:05] WARNING: src/c_api/c_api.cc:935: `ntree_limit` is deprecated, use `iteration_range` instead.
"
"1","- Fold05.Rep1: eta=0.10, max_depth=9, gamma=0, colsample_bytree=0.5, min_child_weight=1, subsample=0.8, nrounds=100"
"1"," "
"1","
"
"1","+ Fold05.Rep1: eta=0.10, max_depth=9, gamma=0, colsample_bytree=0.8, min_child_weight=1, subsample=0.5, nrounds=100"
"1"," "
"1","
"
"1","[15:52:12] WARNING: src/c_api/c_api.cc:935: `ntree_limit` is deprecated, use `iteration_range` instead.
"
"1","- Fold05.Rep1: eta=0.10, max_depth=9, gamma=0, colsample_bytree=0.8, min_child_weight=1, subsample=0.5, nrounds=100"
"1"," "
"1","
"
"1","+ Fold05.Rep1: eta=0.10, max_depth=9, gamma=0, colsample_bytree=0.8, min_child_weight=1, subsample=0.8, nrounds=100"
"1"," "
"1","
"
"1","[15:52:19] WARNING: src/c_api/c_api.cc:935: `ntree_limit` is deprecated, use `iteration_range` instead.
"
"1","- Fold05.Rep1: eta=0.10, max_depth=9, gamma=0, colsample_bytree=0.8, min_child_weight=1, subsample=0.8, nrounds=100"
"1"," "
"1","
"
"1","+ Fold06.Rep1: eta=0.01, max_depth=3, gamma=0, colsample_bytree=0.5, min_child_weight=1, subsample=0.5, nrounds=100"
"1"," "
"1","
"
"1","[15:52:21] WARNING: src/c_api/c_api.cc:935: `ntree_limit` is deprecated, use `iteration_range` instead.
"
"1","- Fold06.Rep1: eta=0.01, max_depth=3, gamma=0, colsample_bytree=0.5, min_child_weight=1, subsample=0.5, nrounds=100"
"1"," "
"1","
"
"1","+ Fold06.Rep1: eta=0.01, max_depth=3, gamma=0, colsample_bytree=0.5, min_child_weight=1, subsample=0.8, nrounds=100"
"1"," "
"1","
"
"1","[15:52:23] WARNING: src/c_api/c_api.cc:935: `ntree_limit` is deprecated, use `iteration_range` instead.
"
"1","- Fold06.Rep1: eta=0.01, max_depth=3, gamma=0, colsample_bytree=0.5, min_child_weight=1, subsample=0.8, nrounds=100"
"1"," "
"1","
"
"1","+ Fold06.Rep1: eta=0.01, max_depth=3, gamma=0, colsample_bytree=0.8, min_child_weight=1, subsample=0.5, nrounds=100"
"1"," "
"1","
"
"1","[15:52:26] WARNING: src/c_api/c_api.cc:935: `ntree_limit` is deprecated, use `iteration_range` instead.
"
"1","- Fold06.Rep1: eta=0.01, max_depth=3, gamma=0, colsample_bytree=0.8, min_child_weight=1, subsample=0.5, nrounds=100"
"1"," "
"1","
"
"1","+ Fold06.Rep1: eta=0.01, max_depth=3, gamma=0, colsample_bytree=0.8, min_child_weight=1, subsample=0.8, nrounds=100"
"1"," "
"1","
"
"1","[15:52:29] WARNING: src/c_api/c_api.cc:935: `ntree_limit` is deprecated, use `iteration_range` instead.
"
"1","- Fold06.Rep1: eta=0.01, max_depth=3, gamma=0, colsample_bytree=0.8, min_child_weight=1, subsample=0.8, nrounds=100"
"1"," "
"1","
"
"1","+ Fold06.Rep1: eta=0.01, max_depth=6, gamma=0, colsample_bytree=0.5, min_child_weight=1, subsample=0.5, nrounds=100"
"1"," "
"1","
"
"1","[15:52:33] WARNING: src/c_api/c_api.cc:935: `ntree_limit` is deprecated, use `iteration_range` instead.
"
"1","- Fold06.Rep1: eta=0.01, max_depth=6, gamma=0, colsample_bytree=0.5, min_child_weight=1, subsample=0.5, nrounds=100"
"1"," "
"1","
"
"1","+ Fold06.Rep1: eta=0.01, max_depth=6, gamma=0, colsample_bytree=0.5, min_child_weight=1, subsample=0.8, nrounds=100"
"1"," "
"1","
"
"1","[15:52:37] WARNING: src/c_api/c_api.cc:935: `ntree_limit` is deprecated, use `iteration_range` instead.
"
"1","- Fold06.Rep1: eta=0.01, max_depth=6, gamma=0, colsample_bytree=0.5, min_child_weight=1, subsample=0.8, nrounds=100"
"1"," "
"1","
"
"1","+ Fold06.Rep1: eta=0.01, max_depth=6, gamma=0, colsample_bytree=0.8, min_child_weight=1, subsample=0.5, nrounds=100"
"1"," "
"1","
"
"1","[15:52:42] WARNING: src/c_api/c_api.cc:935: `ntree_limit` is deprecated, use `iteration_range` instead.
"
"1","- Fold06.Rep1: eta=0.01, max_depth=6, gamma=0, colsample_bytree=0.8, min_child_weight=1, subsample=0.5, nrounds=100"
"1"," "
"1","
"
"1","+ Fold06.Rep1: eta=0.01, max_depth=6, gamma=0, colsample_bytree=0.8, min_child_weight=1, subsample=0.8, nrounds=100"
"1"," "
"1","
"
"1","[15:52:47] WARNING: src/c_api/c_api.cc:935: `ntree_limit` is deprecated, use `iteration_range` instead.
"
"1","- Fold06.Rep1: eta=0.01, max_depth=6, gamma=0, colsample_bytree=0.8, min_child_weight=1, subsample=0.8, nrounds=100"
"1"," "
"1","
"
"1","+ Fold06.Rep1: eta=0.01, max_depth=9, gamma=0, colsample_bytree=0.5, min_child_weight=1, subsample=0.5, nrounds=100"
"1"," "
"1","
"
"1","[15:52:51] WARNING: src/c_api/c_api.cc:935: `ntree_limit` is deprecated, use `iteration_range` instead.
"
"1","- Fold06.Rep1: eta=0.01, max_depth=9, gamma=0, colsample_bytree=0.5, min_child_weight=1, subsample=0.5, nrounds=100"
"1"," "
"1","
"
"1","+ Fold06.Rep1: eta=0.01, max_depth=9, gamma=0, colsample_bytree=0.5, min_child_weight=1, subsample=0.8, nrounds=100"
"1"," "
"1","
"
"1","[15:52:56] WARNING: src/c_api/c_api.cc:935: `ntree_limit` is deprecated, use `iteration_range` instead.
"
"1","- Fold06.Rep1: eta=0.01, max_depth=9, gamma=0, colsample_bytree=0.5, min_child_weight=1, subsample=0.8, nrounds=100"
"1"," "
"1","
"
"1","+ Fold06.Rep1: eta=0.01, max_depth=9, gamma=0, colsample_bytree=0.8, min_child_weight=1, subsample=0.5, nrounds=100"
"1"," "
"1","
"
"1","[15:53:03] WARNING: src/c_api/c_api.cc:935: `ntree_limit` is deprecated, use `iteration_range` instead.
"
"1","- Fold06.Rep1: eta=0.01, max_depth=9, gamma=0, colsample_bytree=0.8, min_child_weight=1, subsample=0.5, nrounds=100"
"1"," "
"1","
"
"1","+ Fold06.Rep1: eta=0.01, max_depth=9, gamma=0, colsample_bytree=0.8, min_child_weight=1, subsample=0.8, nrounds=100"
"1"," "
"1","
"
"1","[15:53:10] WARNING: src/c_api/c_api.cc:935: `ntree_limit` is deprecated, use `iteration_range` instead.
"
"1","- Fold06.Rep1: eta=0.01, max_depth=9, gamma=0, colsample_bytree=0.8, min_child_weight=1, subsample=0.8, nrounds=100"
"1"," "
"1","
"
"1","+ Fold06.Rep1: eta=0.10, max_depth=3, gamma=0, colsample_bytree=0.5, min_child_weight=1, subsample=0.5, nrounds=100"
"1"," "
"1","
"
"1","[15:53:12] WARNING: src/c_api/c_api.cc:935: `ntree_limit` is deprecated, use `iteration_range` instead.
"
"1","- Fold06.Rep1: eta=0.10, max_depth=3, gamma=0, colsample_bytree=0.5, min_child_weight=1, subsample=0.5, nrounds=100"
"1"," "
"1","
"
"1","+ Fold06.Rep1: eta=0.10, max_depth=3, gamma=0, colsample_bytree=0.5, min_child_weight=1, subsample=0.8, nrounds=100"
"1"," "
"1","
"
"1","[15:53:14] WARNING: src/c_api/c_api.cc:935: `ntree_limit` is deprecated, use `iteration_range` instead.
"
"1","- Fold06.Rep1: eta=0.10, max_depth=3, gamma=0, colsample_bytree=0.5, min_child_weight=1, subsample=0.8, nrounds=100"
"1"," "
"1","
"
"1","+ Fold06.Rep1: eta=0.10, max_depth=3, gamma=0, colsample_bytree=0.8, min_child_weight=1, subsample=0.5, nrounds=100"
"1"," "
"1","
"
"1","[15:53:17] WARNING: src/c_api/c_api.cc:935: `ntree_limit` is deprecated, use `iteration_range` instead.
"
"1","- Fold06.Rep1: eta=0.10, max_depth=3, gamma=0, colsample_bytree=0.8, min_child_weight=1, subsample=0.5, nrounds=100"
"1"," "
"1","
"
"1","+ Fold06.Rep1: eta=0.10, max_depth=3, gamma=0, colsample_bytree=0.8, min_child_weight=1, subsample=0.8, nrounds=100"
"1"," "
"1","
"
"1","[15:53:20] WARNING: src/c_api/c_api.cc:935: `ntree_limit` is deprecated, use `iteration_range` instead.
"
"1","- Fold06.Rep1: eta=0.10, max_depth=3, gamma=0, colsample_bytree=0.8, min_child_weight=1, subsample=0.8, nrounds=100"
"1"," "
"1","
"
"1","+ Fold06.Rep1: eta=0.10, max_depth=6, gamma=0, colsample_bytree=0.5, min_child_weight=1, subsample=0.5, nrounds=100"
"1"," "
"1","
"
"1","[15:53:24] WARNING: src/c_api/c_api.cc:935: `ntree_limit` is deprecated, use `iteration_range` instead.
"
"1","- Fold06.Rep1: eta=0.10, max_depth=6, gamma=0, colsample_bytree=0.5, min_child_weight=1, subsample=0.5, nrounds=100"
"1"," "
"1","
"
"1","+ Fold06.Rep1: eta=0.10, max_depth=6, gamma=0, colsample_bytree=0.5, min_child_weight=1, subsample=0.8, nrounds=100"
"1"," "
"1","
"
"1","[15:53:27] WARNING: src/c_api/c_api.cc:935: `ntree_limit` is deprecated, use `iteration_range` instead.
"
"1","- Fold06.Rep1: eta=0.10, max_depth=6, gamma=0, colsample_bytree=0.5, min_child_weight=1, subsample=0.8, nrounds=100"
"1"," "
"1","
"
"1","+ Fold06.Rep1: eta=0.10, max_depth=6, gamma=0, colsample_bytree=0.8, min_child_weight=1, subsample=0.5, nrounds=100"
"1"," "
"1","
"
"1","[15:53:32] WARNING: src/c_api/c_api.cc:935: `ntree_limit` is deprecated, use `iteration_range` instead.
"
"1","- Fold06.Rep1: eta=0.10, max_depth=6, gamma=0, colsample_bytree=0.8, min_child_weight=1, subsample=0.5, nrounds=100"
"1"," "
"1","
"
"1","+ Fold06.Rep1: eta=0.10, max_depth=6, gamma=0, colsample_bytree=0.8, min_child_weight=1, subsample=0.8, nrounds=100"
"1"," "
"1","
"
"1","[15:53:37] WARNING: src/c_api/c_api.cc:935: `ntree_limit` is deprecated, use `iteration_range` instead.
"
"1","- Fold06.Rep1: eta=0.10, max_depth=6, gamma=0, colsample_bytree=0.8, min_child_weight=1, subsample=0.8, nrounds=100"
"1"," "
"1","
"
"1","+ Fold06.Rep1: eta=0.10, max_depth=9, gamma=0, colsample_bytree=0.5, min_child_weight=1, subsample=0.5, nrounds=100"
"1"," "
"1","
"
"1","[15:53:42] WARNING: src/c_api/c_api.cc:935: `ntree_limit` is deprecated, use `iteration_range` instead.
"
"1","- Fold06.Rep1: eta=0.10, max_depth=9, gamma=0, colsample_bytree=0.5, min_child_weight=1, subsample=0.5, nrounds=100"
"1"," "
"1","
"
"1","+ Fold06.Rep1: eta=0.10, max_depth=9, gamma=0, colsample_bytree=0.5, min_child_weight=1, subsample=0.8, nrounds=100"
"1"," "
"1","
"
"1","[15:53:47] WARNING: src/c_api/c_api.cc:935: `ntree_limit` is deprecated, use `iteration_range` instead.
"
"1","- Fold06.Rep1: eta=0.10, max_depth=9, gamma=0, colsample_bytree=0.5, min_child_weight=1, subsample=0.8, nrounds=100"
"1"," "
"1","
"
"1","+ Fold06.Rep1: eta=0.10, max_depth=9, gamma=0, colsample_bytree=0.8, min_child_weight=1, subsample=0.5, nrounds=100"
"1"," "
"1","
"
"1","[15:53:53] WARNING: src/c_api/c_api.cc:935: `ntree_limit` is deprecated, use `iteration_range` instead.
"
"1","- Fold06.Rep1: eta=0.10, max_depth=9, gamma=0, colsample_bytree=0.8, min_child_weight=1, subsample=0.5, nrounds=100"
"1"," "
"1","
"
"1","+ Fold06.Rep1: eta=0.10, max_depth=9, gamma=0, colsample_bytree=0.8, min_child_weight=1, subsample=0.8, nrounds=100"
"1"," "
"1","
"
"1","[15:54:01] WARNING: src/c_api/c_api.cc:935: `ntree_limit` is deprecated, use `iteration_range` instead.
"
"1","- Fold06.Rep1: eta=0.10, max_depth=9, gamma=0, colsample_bytree=0.8, min_child_weight=1, subsample=0.8, nrounds=100"
"1"," "
"1","
"
"1","+ Fold07.Rep1: eta=0.01, max_depth=3, gamma=0, colsample_bytree=0.5, min_child_weight=1, subsample=0.5, nrounds=100"
"1"," "
"1","
"
"1","[15:54:03] WARNING: src/c_api/c_api.cc:935: `ntree_limit` is deprecated, use `iteration_range` instead.
"
"1","- Fold07.Rep1: eta=0.01, max_depth=3, gamma=0, colsample_bytree=0.5, min_child_weight=1, subsample=0.5, nrounds=100"
"1"," "
"1","
"
"1","+ Fold07.Rep1: eta=0.01, max_depth=3, gamma=0, colsample_bytree=0.5, min_child_weight=1, subsample=0.8, nrounds=100"
"1"," "
"1","
"
"1","[15:54:05] WARNING: src/c_api/c_api.cc:935: `ntree_limit` is deprecated, use `iteration_range` instead.
"
"1","- Fold07.Rep1: eta=0.01, max_depth=3, gamma=0, colsample_bytree=0.5, min_child_weight=1, subsample=0.8, nrounds=100"
"1"," "
"1","
"
"1","+ Fold07.Rep1: eta=0.01, max_depth=3, gamma=0, colsample_bytree=0.8, min_child_weight=1, subsample=0.5, nrounds=100"
"1"," "
"1","
"
"1","[15:54:08] WARNING: src/c_api/c_api.cc:935: `ntree_limit` is deprecated, use `iteration_range` instead.
"
"1","- Fold07.Rep1: eta=0.01, max_depth=3, gamma=0, colsample_bytree=0.8, min_child_weight=1, subsample=0.5, nrounds=100"
"1"," "
"1","
"
"1","+ Fold07.Rep1: eta=0.01, max_depth=3, gamma=0, colsample_bytree=0.8, min_child_weight=1, subsample=0.8, nrounds=100"
"1"," "
"1","
"
"1","[15:54:11] WARNING: src/c_api/c_api.cc:935: `ntree_limit` is deprecated, use `iteration_range` instead.
"
"1","- Fold07.Rep1: eta=0.01, max_depth=3, gamma=0, colsample_bytree=0.8, min_child_weight=1, subsample=0.8, nrounds=100"
"1"," "
"1","
"
"1","+ Fold07.Rep1: eta=0.01, max_depth=6, gamma=0, colsample_bytree=0.5, min_child_weight=1, subsample=0.5, nrounds=100"
"1"," "
"1","
"
"1","[15:54:14] WARNING: src/c_api/c_api.cc:935: `ntree_limit` is deprecated, use `iteration_range` instead.
"
"1","- Fold07.Rep1: eta=0.01, max_depth=6, gamma=0, colsample_bytree=0.5, min_child_weight=1, subsample=0.5, nrounds=100"
"1"," "
"1","
"
"1","+ Fold07.Rep1: eta=0.01, max_depth=6, gamma=0, colsample_bytree=0.5, min_child_weight=1, subsample=0.8, nrounds=100"
"1"," "
"1","
"
"1","[15:54:18] WARNING: src/c_api/c_api.cc:935: `ntree_limit` is deprecated, use `iteration_range` instead.
"
"1","- Fold07.Rep1: eta=0.01, max_depth=6, gamma=0, colsample_bytree=0.5, min_child_weight=1, subsample=0.8, nrounds=100"
"1"," "
"1","
"
"1","+ Fold07.Rep1: eta=0.01, max_depth=6, gamma=0, colsample_bytree=0.8, min_child_weight=1, subsample=0.5, nrounds=100"
"1"," "
"1","
"
"1","[15:54:23] WARNING: src/c_api/c_api.cc:935: `ntree_limit` is deprecated, use `iteration_range` instead.
"
"1","- Fold07.Rep1: eta=0.01, max_depth=6, gamma=0, colsample_bytree=0.8, min_child_weight=1, subsample=0.5, nrounds=100"
"1"," "
"1","
"
"1","+ Fold07.Rep1: eta=0.01, max_depth=6, gamma=0, colsample_bytree=0.8, min_child_weight=1, subsample=0.8, nrounds=100"
"1"," "
"1","
"
"1","[15:54:28] WARNING: src/c_api/c_api.cc:935: `ntree_limit` is deprecated, use `iteration_range` instead.
"
"1","- Fold07.Rep1: eta=0.01, max_depth=6, gamma=0, colsample_bytree=0.8, min_child_weight=1, subsample=0.8, nrounds=100"
"1"," "
"1","
"
"1","+ Fold07.Rep1: eta=0.01, max_depth=9, gamma=0, colsample_bytree=0.5, min_child_weight=1, subsample=0.5, nrounds=100"
"1"," "
"1","
"
"1","[15:54:33] WARNING: src/c_api/c_api.cc:935: `ntree_limit` is deprecated, use `iteration_range` instead.
"
"1","- Fold07.Rep1: eta=0.01, max_depth=9, gamma=0, colsample_bytree=0.5, min_child_weight=1, subsample=0.5, nrounds=100"
"1"," "
"1","
"
"1","+ Fold07.Rep1: eta=0.01, max_depth=9, gamma=0, colsample_bytree=0.5, min_child_weight=1, subsample=0.8, nrounds=100"
"1"," "
"1","
"
"1","[15:54:37] WARNING: src/c_api/c_api.cc:935: `ntree_limit` is deprecated, use `iteration_range` instead.
"
"1","- Fold07.Rep1: eta=0.01, max_depth=9, gamma=0, colsample_bytree=0.5, min_child_weight=1, subsample=0.8, nrounds=100"
"1"," "
"1","
"
"1","+ Fold07.Rep1: eta=0.01, max_depth=9, gamma=0, colsample_bytree=0.8, min_child_weight=1, subsample=0.5, nrounds=100"
"1"," "
"1","
"
"1","[15:54:44] WARNING: src/c_api/c_api.cc:935: `ntree_limit` is deprecated, use `iteration_range` instead.
"
"1","- Fold07.Rep1: eta=0.01, max_depth=9, gamma=0, colsample_bytree=0.8, min_child_weight=1, subsample=0.5, nrounds=100"
"1"," "
"1","
"
"1","+ Fold07.Rep1: eta=0.01, max_depth=9, gamma=0, colsample_bytree=0.8, min_child_weight=1, subsample=0.8, nrounds=100"
"1"," "
"1","
"
"1","[15:54:51] WARNING: src/c_api/c_api.cc:935: `ntree_limit` is deprecated, use `iteration_range` instead.
"
"1","- Fold07.Rep1: eta=0.01, max_depth=9, gamma=0, colsample_bytree=0.8, min_child_weight=1, subsample=0.8, nrounds=100"
"1"," "
"1","
"
"1","+ Fold07.Rep1: eta=0.10, max_depth=3, gamma=0, colsample_bytree=0.5, min_child_weight=1, subsample=0.5, nrounds=100"
"1"," "
"1","
"
"1","[15:54:53] WARNING: src/c_api/c_api.cc:935: `ntree_limit` is deprecated, use `iteration_range` instead.
"
"1","- Fold07.Rep1: eta=0.10, max_depth=3, gamma=0, colsample_bytree=0.5, min_child_weight=1, subsample=0.5, nrounds=100"
"1"," "
"1","
"
"1","+ Fold07.Rep1: eta=0.10, max_depth=3, gamma=0, colsample_bytree=0.5, min_child_weight=1, subsample=0.8, nrounds=100"
"1"," "
"1","
"
"1","[15:54:55] WARNING: src/c_api/c_api.cc:935: `ntree_limit` is deprecated, use `iteration_range` instead.
"
"1","- Fold07.Rep1: eta=0.10, max_depth=3, gamma=0, colsample_bytree=0.5, min_child_weight=1, subsample=0.8, nrounds=100"
"1"," "
"1","
"
"1","+ Fold07.Rep1: eta=0.10, max_depth=3, gamma=0, colsample_bytree=0.8, min_child_weight=1, subsample=0.5, nrounds=100"
"1"," "
"1","
"
"1","[15:54:58] WARNING: src/c_api/c_api.cc:935: `ntree_limit` is deprecated, use `iteration_range` instead.
"
"1","- Fold07.Rep1: eta=0.10, max_depth=3, gamma=0, colsample_bytree=0.8, min_child_weight=1, subsample=0.5, nrounds=100"
"1"," "
"1","
"
"1","+ Fold07.Rep1: eta=0.10, max_depth=3, gamma=0, colsample_bytree=0.8, min_child_weight=1, subsample=0.8, nrounds=100"
"1"," "
"1","
"
"1","[15:55:01] WARNING: src/c_api/c_api.cc:935: `ntree_limit` is deprecated, use `iteration_range` instead.
"
"1","- Fold07.Rep1: eta=0.10, max_depth=3, gamma=0, colsample_bytree=0.8, min_child_weight=1, subsample=0.8, nrounds=100"
"1"," "
"1","
"
"1","+ Fold07.Rep1: eta=0.10, max_depth=6, gamma=0, colsample_bytree=0.5, min_child_weight=1, subsample=0.5, nrounds=100"
"1"," "
"1","
"
"1","[15:55:05] WARNING: src/c_api/c_api.cc:935: `ntree_limit` is deprecated, use `iteration_range` instead.
"
"1","- Fold07.Rep1: eta=0.10, max_depth=6, gamma=0, colsample_bytree=0.5, min_child_weight=1, subsample=0.5, nrounds=100"
"1"," "
"1","
"
"1","+ Fold07.Rep1: eta=0.10, max_depth=6, gamma=0, colsample_bytree=0.5, min_child_weight=1, subsample=0.8, nrounds=100"
"1"," "
"1","
"
"1","[15:55:08] WARNING: src/c_api/c_api.cc:935: `ntree_limit` is deprecated, use `iteration_range` instead.
"
"1","- Fold07.Rep1: eta=0.10, max_depth=6, gamma=0, colsample_bytree=0.5, min_child_weight=1, subsample=0.8, nrounds=100"
"1"," "
"1","
"
"1","+ Fold07.Rep1: eta=0.10, max_depth=6, gamma=0, colsample_bytree=0.8, min_child_weight=1, subsample=0.5, nrounds=100"
"1"," "
"1","
"
"1","[15:55:13] WARNING: src/c_api/c_api.cc:935: `ntree_limit` is deprecated, use `iteration_range` instead.
"
"1","- Fold07.Rep1: eta=0.10, max_depth=6, gamma=0, colsample_bytree=0.8, min_child_weight=1, subsample=0.5, nrounds=100"
"1"," "
"1","
"
"1","+ Fold07.Rep1: eta=0.10, max_depth=6, gamma=0, colsample_bytree=0.8, min_child_weight=1, subsample=0.8, nrounds=100"
"1"," "
"1","
"
"1","[15:55:18] WARNING: src/c_api/c_api.cc:935: `ntree_limit` is deprecated, use `iteration_range` instead.
"
"1","- Fold07.Rep1: eta=0.10, max_depth=6, gamma=0, colsample_bytree=0.8, min_child_weight=1, subsample=0.8, nrounds=100"
"1"," "
"1","
"
"1","+ Fold07.Rep1: eta=0.10, max_depth=9, gamma=0, colsample_bytree=0.5, min_child_weight=1, subsample=0.5, nrounds=100"
"1"," "
"1","
"
"1","[15:55:23] WARNING: src/c_api/c_api.cc:935: `ntree_limit` is deprecated, use `iteration_range` instead.
"
"1","- Fold07.Rep1: eta=0.10, max_depth=9, gamma=0, colsample_bytree=0.5, min_child_weight=1, subsample=0.5, nrounds=100"
"1"," "
"1","
"
"1","+ Fold07.Rep1: eta=0.10, max_depth=9, gamma=0, colsample_bytree=0.5, min_child_weight=1, subsample=0.8, nrounds=100"
"1"," "
"1","
"
"1","[15:55:28] WARNING: src/c_api/c_api.cc:935: `ntree_limit` is deprecated, use `iteration_range` instead.
"
"1","- Fold07.Rep1: eta=0.10, max_depth=9, gamma=0, colsample_bytree=0.5, min_child_weight=1, subsample=0.8, nrounds=100"
"1"," "
"1","
"
"1","+ Fold07.Rep1: eta=0.10, max_depth=9, gamma=0, colsample_bytree=0.8, min_child_weight=1, subsample=0.5, nrounds=100"
"1"," "
"1","
"
"1","[15:55:35] WARNING: src/c_api/c_api.cc:935: `ntree_limit` is deprecated, use `iteration_range` instead.
"
"1","- Fold07.Rep1: eta=0.10, max_depth=9, gamma=0, colsample_bytree=0.8, min_child_weight=1, subsample=0.5, nrounds=100"
"1"," "
"1","
"
"1","+ Fold07.Rep1: eta=0.10, max_depth=9, gamma=0, colsample_bytree=0.8, min_child_weight=1, subsample=0.8, nrounds=100"
"1"," "
"1","
"
"1","[15:55:42] WARNING: src/c_api/c_api.cc:935: `ntree_limit` is deprecated, use `iteration_range` instead.
"
"1","- Fold07.Rep1: eta=0.10, max_depth=9, gamma=0, colsample_bytree=0.8, min_child_weight=1, subsample=0.8, nrounds=100"
"1"," "
"1","
"
"1","+ Fold08.Rep1: eta=0.01, max_depth=3, gamma=0, colsample_bytree=0.5, min_child_weight=1, subsample=0.5, nrounds=100"
"1"," "
"1","
"
"1","[15:55:44] WARNING: src/c_api/c_api.cc:935: `ntree_limit` is deprecated, use `iteration_range` instead.
"
"1","- Fold08.Rep1: eta=0.01, max_depth=3, gamma=0, colsample_bytree=0.5, min_child_weight=1, subsample=0.5, nrounds=100"
"1"," "
"1","
"
"1","+ Fold08.Rep1: eta=0.01, max_depth=3, gamma=0, colsample_bytree=0.5, min_child_weight=1, subsample=0.8, nrounds=100"
"1"," "
"1","
"
"1","[15:55:46] WARNING: src/c_api/c_api.cc:935: `ntree_limit` is deprecated, use `iteration_range` instead.
"
"1","- Fold08.Rep1: eta=0.01, max_depth=3, gamma=0, colsample_bytree=0.5, min_child_weight=1, subsample=0.8, nrounds=100"
"1"," "
"1","
"
"1","+ Fold08.Rep1: eta=0.01, max_depth=3, gamma=0, colsample_bytree=0.8, min_child_weight=1, subsample=0.5, nrounds=100"
"1"," "
"1","
"
"1","[15:55:49] WARNING: src/c_api/c_api.cc:935: `ntree_limit` is deprecated, use `iteration_range` instead.
"
"1","- Fold08.Rep1: eta=0.01, max_depth=3, gamma=0, colsample_bytree=0.8, min_child_weight=1, subsample=0.5, nrounds=100"
"1"," "
"1","
"
"1","+ Fold08.Rep1: eta=0.01, max_depth=3, gamma=0, colsample_bytree=0.8, min_child_weight=1, subsample=0.8, nrounds=100"
"1"," "
"1","
"
"1","[15:55:52] WARNING: src/c_api/c_api.cc:935: `ntree_limit` is deprecated, use `iteration_range` instead.
"
"1","- Fold08.Rep1: eta=0.01, max_depth=3, gamma=0, colsample_bytree=0.8, min_child_weight=1, subsample=0.8, nrounds=100"
"1"," "
"1","
"
"1","+ Fold08.Rep1: eta=0.01, max_depth=6, gamma=0, colsample_bytree=0.5, min_child_weight=1, subsample=0.5, nrounds=100"
"1"," "
"1","
"
"1","[15:55:56] WARNING: src/c_api/c_api.cc:935: `ntree_limit` is deprecated, use `iteration_range` instead.
"
"1","- Fold08.Rep1: eta=0.01, max_depth=6, gamma=0, colsample_bytree=0.5, min_child_weight=1, subsample=0.5, nrounds=100"
"1"," "
"1","
"
"1","+ Fold08.Rep1: eta=0.01, max_depth=6, gamma=0, colsample_bytree=0.5, min_child_weight=1, subsample=0.8, nrounds=100"
"1"," "
"1","
"
"1","[15:55:59] WARNING: src/c_api/c_api.cc:935: `ntree_limit` is deprecated, use `iteration_range` instead.
"
"1","- Fold08.Rep1: eta=0.01, max_depth=6, gamma=0, colsample_bytree=0.5, min_child_weight=1, subsample=0.8, nrounds=100"
"1"," "
"1","
"
"1","+ Fold08.Rep1: eta=0.01, max_depth=6, gamma=0, colsample_bytree=0.8, min_child_weight=1, subsample=0.5, nrounds=100"
"1"," "
"1","
"
"1","[15:56:04] WARNING: src/c_api/c_api.cc:935: `ntree_limit` is deprecated, use `iteration_range` instead.
"
"1","- Fold08.Rep1: eta=0.01, max_depth=6, gamma=0, colsample_bytree=0.8, min_child_weight=1, subsample=0.5, nrounds=100"
"1"," "
"1","
"
"1","+ Fold08.Rep1: eta=0.01, max_depth=6, gamma=0, colsample_bytree=0.8, min_child_weight=1, subsample=0.8, nrounds=100"
"1"," "
"1","
"
"1","[15:56:09] WARNING: src/c_api/c_api.cc:935: `ntree_limit` is deprecated, use `iteration_range` instead.
"
"1","- Fold08.Rep1: eta=0.01, max_depth=6, gamma=0, colsample_bytree=0.8, min_child_weight=1, subsample=0.8, nrounds=100"
"1"," "
"1","
"
"1","+ Fold08.Rep1: eta=0.01, max_depth=9, gamma=0, colsample_bytree=0.5, min_child_weight=1, subsample=0.5, nrounds=100"
"1"," "
"1","
"
"1","[15:56:14] WARNING: src/c_api/c_api.cc:935: `ntree_limit` is deprecated, use `iteration_range` instead.
"
"1","- Fold08.Rep1: eta=0.01, max_depth=9, gamma=0, colsample_bytree=0.5, min_child_weight=1, subsample=0.5, nrounds=100"
"1"," "
"1","
"
"1","+ Fold08.Rep1: eta=0.01, max_depth=9, gamma=0, colsample_bytree=0.5, min_child_weight=1, subsample=0.8, nrounds=100"
"1"," "
"1","
"
"1","[15:56:20] WARNING: src/c_api/c_api.cc:935: `ntree_limit` is deprecated, use `iteration_range` instead.
"
"1","- Fold08.Rep1: eta=0.01, max_depth=9, gamma=0, colsample_bytree=0.5, min_child_weight=1, subsample=0.8, nrounds=100"
"1"," "
"1","
"
"1","+ Fold08.Rep1: eta=0.01, max_depth=9, gamma=0, colsample_bytree=0.8, min_child_weight=1, subsample=0.5, nrounds=100"
"1"," "
"1","
"
"1","[15:56:26] WARNING: src/c_api/c_api.cc:935: `ntree_limit` is deprecated, use `iteration_range` instead.
"
"1","- Fold08.Rep1: eta=0.01, max_depth=9, gamma=0, colsample_bytree=0.8, min_child_weight=1, subsample=0.5, nrounds=100"
"1"," "
"1","
"
"1","+ Fold08.Rep1: eta=0.01, max_depth=9, gamma=0, colsample_bytree=0.8, min_child_weight=1, subsample=0.8, nrounds=100"
"1"," "
"1","
"
"1","[15:56:34] WARNING: src/c_api/c_api.cc:935: `ntree_limit` is deprecated, use `iteration_range` instead.
"
"1","- Fold08.Rep1: eta=0.01, max_depth=9, gamma=0, colsample_bytree=0.8, min_child_weight=1, subsample=0.8, nrounds=100"
"1"," "
"1","
"
"1","+ Fold08.Rep1: eta=0.10, max_depth=3, gamma=0, colsample_bytree=0.5, min_child_weight=1, subsample=0.5, nrounds=100"
"1"," "
"1","
"
"1","[15:56:36] WARNING: src/c_api/c_api.cc:935: `ntree_limit` is deprecated, use `iteration_range` instead.
"
"1","- Fold08.Rep1: eta=0.10, max_depth=3, gamma=0, colsample_bytree=0.5, min_child_weight=1, subsample=0.5, nrounds=100"
"1"," "
"1","
"
"1","+ Fold08.Rep1: eta=0.10, max_depth=3, gamma=0, colsample_bytree=0.5, min_child_weight=1, subsample=0.8, nrounds=100"
"1"," "
"1","
"
"1","[15:56:38] WARNING: src/c_api/c_api.cc:935: `ntree_limit` is deprecated, use `iteration_range` instead.
"
"1","- Fold08.Rep1: eta=0.10, max_depth=3, gamma=0, colsample_bytree=0.5, min_child_weight=1, subsample=0.8, nrounds=100"
"1"," "
"1","
"
"1","+ Fold08.Rep1: eta=0.10, max_depth=3, gamma=0, colsample_bytree=0.8, min_child_weight=1, subsample=0.5, nrounds=100"
"1"," "
"1","
"
"1","[15:56:41] WARNING: src/c_api/c_api.cc:935: `ntree_limit` is deprecated, use `iteration_range` instead.
"
"1","- Fold08.Rep1: eta=0.10, max_depth=3, gamma=0, colsample_bytree=0.8, min_child_weight=1, subsample=0.5, nrounds=100"
"1"," "
"1","
"
"1","+ Fold08.Rep1: eta=0.10, max_depth=3, gamma=0, colsample_bytree=0.8, min_child_weight=1, subsample=0.8, nrounds=100"
"1"," "
"1","
"
"1","[15:56:44] WARNING: src/c_api/c_api.cc:935: `ntree_limit` is deprecated, use `iteration_range` instead.
"
"1","- Fold08.Rep1: eta=0.10, max_depth=3, gamma=0, colsample_bytree=0.8, min_child_weight=1, subsample=0.8, nrounds=100"
"1"," "
"1","
"
"1","+ Fold08.Rep1: eta=0.10, max_depth=6, gamma=0, colsample_bytree=0.5, min_child_weight=1, subsample=0.5, nrounds=100"
"1"," "
"1","
"
"1","[15:56:49] WARNING: src/c_api/c_api.cc:935: `ntree_limit` is deprecated, use `iteration_range` instead.
"
"1","- Fold08.Rep1: eta=0.10, max_depth=6, gamma=0, colsample_bytree=0.5, min_child_weight=1, subsample=0.5, nrounds=100"
"1"," "
"1","
"
"1","+ Fold08.Rep1: eta=0.10, max_depth=6, gamma=0, colsample_bytree=0.5, min_child_weight=1, subsample=0.8, nrounds=100"
"1"," "
"1","
"
"1","[15:56:53] WARNING: src/c_api/c_api.cc:935: `ntree_limit` is deprecated, use `iteration_range` instead.
"
"1","- Fold08.Rep1: eta=0.10, max_depth=6, gamma=0, colsample_bytree=0.5, min_child_weight=1, subsample=0.8, nrounds=100"
"1"," "
"1","
"
"1","+ Fold08.Rep1: eta=0.10, max_depth=6, gamma=0, colsample_bytree=0.8, min_child_weight=1, subsample=0.5, nrounds=100"
"1"," "
"1","
"
"1","[15:56:58] WARNING: src/c_api/c_api.cc:935: `ntree_limit` is deprecated, use `iteration_range` instead.
"
"1","- Fold08.Rep1: eta=0.10, max_depth=6, gamma=0, colsample_bytree=0.8, min_child_weight=1, subsample=0.5, nrounds=100"
"1"," "
"1","
"
"1","+ Fold08.Rep1: eta=0.10, max_depth=6, gamma=0, colsample_bytree=0.8, min_child_weight=1, subsample=0.8, nrounds=100"
"1"," "
"1","
"
"1","[15:57:03] WARNING: src/c_api/c_api.cc:935: `ntree_limit` is deprecated, use `iteration_range` instead.
"
"1","- Fold08.Rep1: eta=0.10, max_depth=6, gamma=0, colsample_bytree=0.8, min_child_weight=1, subsample=0.8, nrounds=100"
"1"," "
"1","
"
"1","+ Fold08.Rep1: eta=0.10, max_depth=9, gamma=0, colsample_bytree=0.5, min_child_weight=1, subsample=0.5, nrounds=100"
"1"," "
"1","
"
"1","[15:57:08] WARNING: src/c_api/c_api.cc:935: `ntree_limit` is deprecated, use `iteration_range` instead.
"
"1","- Fold08.Rep1: eta=0.10, max_depth=9, gamma=0, colsample_bytree=0.5, min_child_weight=1, subsample=0.5, nrounds=100"
"1"," "
"1","
"
"1","+ Fold08.Rep1: eta=0.10, max_depth=9, gamma=0, colsample_bytree=0.5, min_child_weight=1, subsample=0.8, nrounds=100"
"1"," "
"1","
"
"1","[15:57:13] WARNING: src/c_api/c_api.cc:935: `ntree_limit` is deprecated, use `iteration_range` instead.
"
"1","- Fold08.Rep1: eta=0.10, max_depth=9, gamma=0, colsample_bytree=0.5, min_child_weight=1, subsample=0.8, nrounds=100"
"1"," "
"1","
"
"1","+ Fold08.Rep1: eta=0.10, max_depth=9, gamma=0, colsample_bytree=0.8, min_child_weight=1, subsample=0.5, nrounds=100"
"1"," "
"1","
"
"1","[15:57:19] WARNING: src/c_api/c_api.cc:935: `ntree_limit` is deprecated, use `iteration_range` instead.
"
"1","- Fold08.Rep1: eta=0.10, max_depth=9, gamma=0, colsample_bytree=0.8, min_child_weight=1, subsample=0.5, nrounds=100"
"1"," "
"1","
"
"1","+ Fold08.Rep1: eta=0.10, max_depth=9, gamma=0, colsample_bytree=0.8, min_child_weight=1, subsample=0.8, nrounds=100"
"1"," "
"1","
"
"1","[15:57:27] WARNING: src/c_api/c_api.cc:935: `ntree_limit` is deprecated, use `iteration_range` instead.
"
"1","- Fold08.Rep1: eta=0.10, max_depth=9, gamma=0, colsample_bytree=0.8, min_child_weight=1, subsample=0.8, nrounds=100"
"1"," "
"1","
"
"1","+ Fold09.Rep1: eta=0.01, max_depth=3, gamma=0, colsample_bytree=0.5, min_child_weight=1, subsample=0.5, nrounds=100"
"1"," "
"1","
"
"1","[15:57:29] WARNING: src/c_api/c_api.cc:935: `ntree_limit` is deprecated, use `iteration_range` instead.
"
"1","- Fold09.Rep1: eta=0.01, max_depth=3, gamma=0, colsample_bytree=0.5, min_child_weight=1, subsample=0.5, nrounds=100"
"1"," "
"1","
"
"1","+ Fold09.Rep1: eta=0.01, max_depth=3, gamma=0, colsample_bytree=0.5, min_child_weight=1, subsample=0.8, nrounds=100"
"1"," "
"1","
"
"1","[15:57:31] WARNING: src/c_api/c_api.cc:935: `ntree_limit` is deprecated, use `iteration_range` instead.
"
"1","- Fold09.Rep1: eta=0.01, max_depth=3, gamma=0, colsample_bytree=0.5, min_child_weight=1, subsample=0.8, nrounds=100"
"1"," "
"1","
"
"1","+ Fold09.Rep1: eta=0.01, max_depth=3, gamma=0, colsample_bytree=0.8, min_child_weight=1, subsample=0.5, nrounds=100"
"1"," "
"1","
"
"1","[15:57:34] WARNING: src/c_api/c_api.cc:935: `ntree_limit` is deprecated, use `iteration_range` instead.
"
"1","- Fold09.Rep1: eta=0.01, max_depth=3, gamma=0, colsample_bytree=0.8, min_child_weight=1, subsample=0.5, nrounds=100"
"1"," "
"1","
"
"1","+ Fold09.Rep1: eta=0.01, max_depth=3, gamma=0, colsample_bytree=0.8, min_child_weight=1, subsample=0.8, nrounds=100"
"1"," "
"1","
"
"1","[15:57:37] WARNING: src/c_api/c_api.cc:935: `ntree_limit` is deprecated, use `iteration_range` instead.
"
"1","- Fold09.Rep1: eta=0.01, max_depth=3, gamma=0, colsample_bytree=0.8, min_child_weight=1, subsample=0.8, nrounds=100"
"1"," "
"1","
"
"1","+ Fold09.Rep1: eta=0.01, max_depth=6, gamma=0, colsample_bytree=0.5, min_child_weight=1, subsample=0.5, nrounds=100"
"1"," "
"1","
"
"1","[15:57:41] WARNING: src/c_api/c_api.cc:935: `ntree_limit` is deprecated, use `iteration_range` instead.
"
"1","- Fold09.Rep1: eta=0.01, max_depth=6, gamma=0, colsample_bytree=0.5, min_child_weight=1, subsample=0.5, nrounds=100"
"1"," "
"1","
"
"1","+ Fold09.Rep1: eta=0.01, max_depth=6, gamma=0, colsample_bytree=0.5, min_child_weight=1, subsample=0.8, nrounds=100"
"1"," "
"1","
"
"1","[15:57:45] WARNING: src/c_api/c_api.cc:935: `ntree_limit` is deprecated, use `iteration_range` instead.
"
"1","- Fold09.Rep1: eta=0.01, max_depth=6, gamma=0, colsample_bytree=0.5, min_child_weight=1, subsample=0.8, nrounds=100"
"1"," "
"1","
"
"1","+ Fold09.Rep1: eta=0.01, max_depth=6, gamma=0, colsample_bytree=0.8, min_child_weight=1, subsample=0.5, nrounds=100"
"1"," "
"1","
"
"1","[15:57:53] WARNING: src/c_api/c_api.cc:935: `ntree_limit` is deprecated, use `iteration_range` instead.
"
"1","- Fold09.Rep1: eta=0.01, max_depth=6, gamma=0, colsample_bytree=0.8, min_child_weight=1, subsample=0.5, nrounds=100"
"1"," "
"1","
"
"1","+ Fold09.Rep1: eta=0.01, max_depth=6, gamma=0, colsample_bytree=0.8, min_child_weight=1, subsample=0.8, nrounds=100"
"1"," "
"1","
"
"1","[15:57:59] WARNING: src/c_api/c_api.cc:935: `ntree_limit` is deprecated, use `iteration_range` instead.
"
"1","- Fold09.Rep1: eta=0.01, max_depth=6, gamma=0, colsample_bytree=0.8, min_child_weight=1, subsample=0.8, nrounds=100"
"1"," "
"1","
"
"1","+ Fold09.Rep1: eta=0.01, max_depth=9, gamma=0, colsample_bytree=0.5, min_child_weight=1, subsample=0.5, nrounds=100"
"1"," "
"1","
"
"1","[15:58:05] WARNING: src/c_api/c_api.cc:935: `ntree_limit` is deprecated, use `iteration_range` instead.
"
"1","- Fold09.Rep1: eta=0.01, max_depth=9, gamma=0, colsample_bytree=0.5, min_child_weight=1, subsample=0.5, nrounds=100"
"1"," "
"1","
"
"1","+ Fold09.Rep1: eta=0.01, max_depth=9, gamma=0, colsample_bytree=0.5, min_child_weight=1, subsample=0.8, nrounds=100"
"1"," "
"1","
"
"1","[15:58:11] WARNING: src/c_api/c_api.cc:935: `ntree_limit` is deprecated, use `iteration_range` instead.
"
"1","- Fold09.Rep1: eta=0.01, max_depth=9, gamma=0, colsample_bytree=0.5, min_child_weight=1, subsample=0.8, nrounds=100"
"1"," "
"1","
"
"1","+ Fold09.Rep1: eta=0.01, max_depth=9, gamma=0, colsample_bytree=0.8, min_child_weight=1, subsample=0.5, nrounds=100"
"1"," "
"1","
"
"1","[15:58:17] WARNING: src/c_api/c_api.cc:935: `ntree_limit` is deprecated, use `iteration_range` instead.
"
"1","- Fold09.Rep1: eta=0.01, max_depth=9, gamma=0, colsample_bytree=0.8, min_child_weight=1, subsample=0.5, nrounds=100"
"1"," "
"1","
"
"1","+ Fold09.Rep1: eta=0.01, max_depth=9, gamma=0, colsample_bytree=0.8, min_child_weight=1, subsample=0.8, nrounds=100"
"1"," "
"1","
"
"1","[15:58:26] WARNING: src/c_api/c_api.cc:935: `ntree_limit` is deprecated, use `iteration_range` instead.
"
"1","- Fold09.Rep1: eta=0.01, max_depth=9, gamma=0, colsample_bytree=0.8, min_child_weight=1, subsample=0.8, nrounds=100"
"1"," "
"1","
"
"1","+ Fold09.Rep1: eta=0.10, max_depth=3, gamma=0, colsample_bytree=0.5, min_child_weight=1, subsample=0.5, nrounds=100"
"1"," "
"1","
"
"1","[15:58:29] WARNING: src/c_api/c_api.cc:935: `ntree_limit` is deprecated, use `iteration_range` instead.
"
"1","- Fold09.Rep1: eta=0.10, max_depth=3, gamma=0, colsample_bytree=0.5, min_child_weight=1, subsample=0.5, nrounds=100"
"1"," "
"1","
"
"1","+ Fold09.Rep1: eta=0.10, max_depth=3, gamma=0, colsample_bytree=0.5, min_child_weight=1, subsample=0.8, nrounds=100"
"1"," "
"1","
"
"1","[15:58:32] WARNING: src/c_api/c_api.cc:935: `ntree_limit` is deprecated, use `iteration_range` instead.
"
"1","- Fold09.Rep1: eta=0.10, max_depth=3, gamma=0, colsample_bytree=0.5, min_child_weight=1, subsample=0.8, nrounds=100"
"1"," "
"1","
"
"1","+ Fold09.Rep1: eta=0.10, max_depth=3, gamma=0, colsample_bytree=0.8, min_child_weight=1, subsample=0.5, nrounds=100"
"1"," "
"1","
"
"1","[15:58:35] WARNING: src/c_api/c_api.cc:935: `ntree_limit` is deprecated, use `iteration_range` instead.
"
"1","- Fold09.Rep1: eta=0.10, max_depth=3, gamma=0, colsample_bytree=0.8, min_child_weight=1, subsample=0.5, nrounds=100"
"1"," "
"1","
"
"1","+ Fold09.Rep1: eta=0.10, max_depth=3, gamma=0, colsample_bytree=0.8, min_child_weight=1, subsample=0.8, nrounds=100"
"1"," "
"1","
"
"1","[15:58:38] WARNING: src/c_api/c_api.cc:935: `ntree_limit` is deprecated, use `iteration_range` instead.
"
"1","- Fold09.Rep1: eta=0.10, max_depth=3, gamma=0, colsample_bytree=0.8, min_child_weight=1, subsample=0.8, nrounds=100"
"1"," "
"1","
"
"1","+ Fold09.Rep1: eta=0.10, max_depth=6, gamma=0, colsample_bytree=0.5, min_child_weight=1, subsample=0.5, nrounds=100"
"1"," "
"1","
"
"1","[15:58:42] WARNING: src/c_api/c_api.cc:935: `ntree_limit` is deprecated, use `iteration_range` instead.
"
"1","- Fold09.Rep1: eta=0.10, max_depth=6, gamma=0, colsample_bytree=0.5, min_child_weight=1, subsample=0.5, nrounds=100"
"1"," "
"1","
"
"1","+ Fold09.Rep1: eta=0.10, max_depth=6, gamma=0, colsample_bytree=0.5, min_child_weight=1, subsample=0.8, nrounds=100"
"1"," "
"1","
"
"1","[15:58:45] WARNING: src/c_api/c_api.cc:935: `ntree_limit` is deprecated, use `iteration_range` instead.
"
"1","- Fold09.Rep1: eta=0.10, max_depth=6, gamma=0, colsample_bytree=0.5, min_child_weight=1, subsample=0.8, nrounds=100"
"1"," "
"1","
"
"1","+ Fold09.Rep1: eta=0.10, max_depth=6, gamma=0, colsample_bytree=0.8, min_child_weight=1, subsample=0.5, nrounds=100"
"1"," "
"1","
"
"1","[15:58:50] WARNING: src/c_api/c_api.cc:935: `ntree_limit` is deprecated, use `iteration_range` instead.
"
"1","- Fold09.Rep1: eta=0.10, max_depth=6, gamma=0, colsample_bytree=0.8, min_child_weight=1, subsample=0.5, nrounds=100"
"1"," "
"1","
"
"1","+ Fold09.Rep1: eta=0.10, max_depth=6, gamma=0, colsample_bytree=0.8, min_child_weight=1, subsample=0.8, nrounds=100"
"1"," "
"1","
"
"1","[15:58:56] WARNING: src/c_api/c_api.cc:935: `ntree_limit` is deprecated, use `iteration_range` instead.
"
"1","- Fold09.Rep1: eta=0.10, max_depth=6, gamma=0, colsample_bytree=0.8, min_child_weight=1, subsample=0.8, nrounds=100"
"1"," "
"1","
"
"1","+ Fold09.Rep1: eta=0.10, max_depth=9, gamma=0, colsample_bytree=0.5, min_child_weight=1, subsample=0.5, nrounds=100"
"1"," "
"1","
"
"1","[15:59:01] WARNING: src/c_api/c_api.cc:935: `ntree_limit` is deprecated, use `iteration_range` instead.
"
"1","- Fold09.Rep1: eta=0.10, max_depth=9, gamma=0, colsample_bytree=0.5, min_child_weight=1, subsample=0.5, nrounds=100"
"1"," "
"1","
"
"1","+ Fold09.Rep1: eta=0.10, max_depth=9, gamma=0, colsample_bytree=0.5, min_child_weight=1, subsample=0.8, nrounds=100"
"1"," "
"1","
"
"1","[15:59:06] WARNING: src/c_api/c_api.cc:935: `ntree_limit` is deprecated, use `iteration_range` instead.
"
"1","- Fold09.Rep1: eta=0.10, max_depth=9, gamma=0, colsample_bytree=0.5, min_child_weight=1, subsample=0.8, nrounds=100"
"1"," "
"1","
"
"1","+ Fold09.Rep1: eta=0.10, max_depth=9, gamma=0, colsample_bytree=0.8, min_child_weight=1, subsample=0.5, nrounds=100"
"1"," "
"1","
"
"1","[15:59:13] WARNING: src/c_api/c_api.cc:935: `ntree_limit` is deprecated, use `iteration_range` instead.
"
"1","- Fold09.Rep1: eta=0.10, max_depth=9, gamma=0, colsample_bytree=0.8, min_child_weight=1, subsample=0.5, nrounds=100"
"1"," "
"1","
"
"1","+ Fold09.Rep1: eta=0.10, max_depth=9, gamma=0, colsample_bytree=0.8, min_child_weight=1, subsample=0.8, nrounds=100"
"1"," "
"1","
"
"1","[15:59:20] WARNING: src/c_api/c_api.cc:935: `ntree_limit` is deprecated, use `iteration_range` instead.
"
"1","- Fold09.Rep1: eta=0.10, max_depth=9, gamma=0, colsample_bytree=0.8, min_child_weight=1, subsample=0.8, nrounds=100"
"1"," "
"1","
"
"1","+ Fold10.Rep1: eta=0.01, max_depth=3, gamma=0, colsample_bytree=0.5, min_child_weight=1, subsample=0.5, nrounds=100"
"1"," "
"1","
"
"1","[15:59:22] WARNING: src/c_api/c_api.cc:935: `ntree_limit` is deprecated, use `iteration_range` instead.
"
"1","- Fold10.Rep1: eta=0.01, max_depth=3, gamma=0, colsample_bytree=0.5, min_child_weight=1, subsample=0.5, nrounds=100"
"1"," "
"1","
"
"1","+ Fold10.Rep1: eta=0.01, max_depth=3, gamma=0, colsample_bytree=0.5, min_child_weight=1, subsample=0.8, nrounds=100"
"1"," "
"1","
"
"1","[15:59:24] WARNING: src/c_api/c_api.cc:935: `ntree_limit` is deprecated, use `iteration_range` instead.
"
"1","- Fold10.Rep1: eta=0.01, max_depth=3, gamma=0, colsample_bytree=0.5, min_child_weight=1, subsample=0.8, nrounds=100"
"1"," "
"1","
"
"1","+ Fold10.Rep1: eta=0.01, max_depth=3, gamma=0, colsample_bytree=0.8, min_child_weight=1, subsample=0.5, nrounds=100"
"1"," "
"1","
"
"1","[15:59:27] WARNING: src/c_api/c_api.cc:935: `ntree_limit` is deprecated, use `iteration_range` instead.
"
"1","- Fold10.Rep1: eta=0.01, max_depth=3, gamma=0, colsample_bytree=0.8, min_child_weight=1, subsample=0.5, nrounds=100"
"1"," "
"1","
"
"1","+ Fold10.Rep1: eta=0.01, max_depth=3, gamma=0, colsample_bytree=0.8, min_child_weight=1, subsample=0.8, nrounds=100"
"1"," "
"1","
"
"1","[15:59:30] WARNING: src/c_api/c_api.cc:935: `ntree_limit` is deprecated, use `iteration_range` instead.
"
"1","- Fold10.Rep1: eta=0.01, max_depth=3, gamma=0, colsample_bytree=0.8, min_child_weight=1, subsample=0.8, nrounds=100"
"1"," "
"1","
"
"1","+ Fold10.Rep1: eta=0.01, max_depth=6, gamma=0, colsample_bytree=0.5, min_child_weight=1, subsample=0.5, nrounds=100"
"1"," "
"1","
"
"1","[15:59:34] WARNING: src/c_api/c_api.cc:935: `ntree_limit` is deprecated, use `iteration_range` instead.
"
"1","- Fold10.Rep1: eta=0.01, max_depth=6, gamma=0, colsample_bytree=0.5, min_child_weight=1, subsample=0.5, nrounds=100"
"1"," "
"1","
"
"1","+ Fold10.Rep1: eta=0.01, max_depth=6, gamma=0, colsample_bytree=0.5, min_child_weight=1, subsample=0.8, nrounds=100"
"1"," "
"1","
"
"1","[15:59:38] WARNING: src/c_api/c_api.cc:935: `ntree_limit` is deprecated, use `iteration_range` instead.
"
"1","- Fold10.Rep1: eta=0.01, max_depth=6, gamma=0, colsample_bytree=0.5, min_child_weight=1, subsample=0.8, nrounds=100"
"1"," "
"1","
"
"1","+ Fold10.Rep1: eta=0.01, max_depth=6, gamma=0, colsample_bytree=0.8, min_child_weight=1, subsample=0.5, nrounds=100"
"1"," "
"1","
"
"1","[15:59:42] WARNING: src/c_api/c_api.cc:935: `ntree_limit` is deprecated, use `iteration_range` instead.
"
"1","- Fold10.Rep1: eta=0.01, max_depth=6, gamma=0, colsample_bytree=0.8, min_child_weight=1, subsample=0.5, nrounds=100"
"1"," "
"1","
"
"1","+ Fold10.Rep1: eta=0.01, max_depth=6, gamma=0, colsample_bytree=0.8, min_child_weight=1, subsample=0.8, nrounds=100"
"1"," "
"1","
"
"1","[15:59:48] WARNING: src/c_api/c_api.cc:935: `ntree_limit` is deprecated, use `iteration_range` instead.
"
"1","- Fold10.Rep1: eta=0.01, max_depth=6, gamma=0, colsample_bytree=0.8, min_child_weight=1, subsample=0.8, nrounds=100"
"1"," "
"1","
"
"1","+ Fold10.Rep1: eta=0.01, max_depth=9, gamma=0, colsample_bytree=0.5, min_child_weight=1, subsample=0.5, nrounds=100"
"1"," "
"1","
"
"1","[15:59:52] WARNING: src/c_api/c_api.cc:935: `ntree_limit` is deprecated, use `iteration_range` instead.
"
"1","- Fold10.Rep1: eta=0.01, max_depth=9, gamma=0, colsample_bytree=0.5, min_child_weight=1, subsample=0.5, nrounds=100"
"1"," "
"1","
"
"1","+ Fold10.Rep1: eta=0.01, max_depth=9, gamma=0, colsample_bytree=0.5, min_child_weight=1, subsample=0.8, nrounds=100"
"1"," "
"1","
"
"1","[15:59:57] WARNING: src/c_api/c_api.cc:935: `ntree_limit` is deprecated, use `iteration_range` instead.
"
"1","- Fold10.Rep1: eta=0.01, max_depth=9, gamma=0, colsample_bytree=0.5, min_child_weight=1, subsample=0.8, nrounds=100"
"1"," "
"1","
"
"1","+ Fold10.Rep1: eta=0.01, max_depth=9, gamma=0, colsample_bytree=0.8, min_child_weight=1, subsample=0.5, nrounds=100"
"1"," "
"1","
"
"1","[16:00:03] WARNING: src/c_api/c_api.cc:935: `ntree_limit` is deprecated, use `iteration_range` instead.
"
"1","- Fold10.Rep1: eta=0.01, max_depth=9, gamma=0, colsample_bytree=0.8, min_child_weight=1, subsample=0.5, nrounds=100"
"1"," "
"1","
"
"1","+ Fold10.Rep1: eta=0.01, max_depth=9, gamma=0, colsample_bytree=0.8, min_child_weight=1, subsample=0.8, nrounds=100"
"1"," "
"1","
"
"1","[16:00:11] WARNING: src/c_api/c_api.cc:935: `ntree_limit` is deprecated, use `iteration_range` instead.
"
"1","- Fold10.Rep1: eta=0.01, max_depth=9, gamma=0, colsample_bytree=0.8, min_child_weight=1, subsample=0.8, nrounds=100"
"1"," "
"1","
"
"1","+ Fold10.Rep1: eta=0.10, max_depth=3, gamma=0, colsample_bytree=0.5, min_child_weight=1, subsample=0.5, nrounds=100"
"1"," "
"1","
"
"1","[16:00:13] WARNING: src/c_api/c_api.cc:935: `ntree_limit` is deprecated, use `iteration_range` instead.
"
"1","- Fold10.Rep1: eta=0.10, max_depth=3, gamma=0, colsample_bytree=0.5, min_child_weight=1, subsample=0.5, nrounds=100"
"1"," "
"1","
"
"1","+ Fold10.Rep1: eta=0.10, max_depth=3, gamma=0, colsample_bytree=0.5, min_child_weight=1, subsample=0.8, nrounds=100"
"1"," "
"1","
"
"1","[16:00:16] WARNING: src/c_api/c_api.cc:935: `ntree_limit` is deprecated, use `iteration_range` instead.
"
"1","- Fold10.Rep1: eta=0.10, max_depth=3, gamma=0, colsample_bytree=0.5, min_child_weight=1, subsample=0.8, nrounds=100"
"1"," "
"1","
"
"1","+ Fold10.Rep1: eta=0.10, max_depth=3, gamma=0, colsample_bytree=0.8, min_child_weight=1, subsample=0.5, nrounds=100"
"1"," "
"1","
"
"1","[16:00:19] WARNING: src/c_api/c_api.cc:935: `ntree_limit` is deprecated, use `iteration_range` instead.
"
"1","- Fold10.Rep1: eta=0.10, max_depth=3, gamma=0, colsample_bytree=0.8, min_child_weight=1, subsample=0.5, nrounds=100"
"1"," "
"1","
"
"1","+ Fold10.Rep1: eta=0.10, max_depth=3, gamma=0, colsample_bytree=0.8, min_child_weight=1, subsample=0.8, nrounds=100"
"1"," "
"1","
"
"1","[16:00:22] WARNING: src/c_api/c_api.cc:935: `ntree_limit` is deprecated, use `iteration_range` instead.
"
"1","- Fold10.Rep1: eta=0.10, max_depth=3, gamma=0, colsample_bytree=0.8, min_child_weight=1, subsample=0.8, nrounds=100"
"1"," "
"1","
"
"1","+ Fold10.Rep1: eta=0.10, max_depth=6, gamma=0, colsample_bytree=0.5, min_child_weight=1, subsample=0.5, nrounds=100"
"1"," "
"1","
"
"1","[16:00:25] WARNING: src/c_api/c_api.cc:935: `ntree_limit` is deprecated, use `iteration_range` instead.
"
"1","- Fold10.Rep1: eta=0.10, max_depth=6, gamma=0, colsample_bytree=0.5, min_child_weight=1, subsample=0.5, nrounds=100"
"1"," "
"1","
"
"1","+ Fold10.Rep1: eta=0.10, max_depth=6, gamma=0, colsample_bytree=0.5, min_child_weight=1, subsample=0.8, nrounds=100"
"1"," "
"1","
"
"1","[16:00:29] WARNING: src/c_api/c_api.cc:935: `ntree_limit` is deprecated, use `iteration_range` instead.
"
"1","- Fold10.Rep1: eta=0.10, max_depth=6, gamma=0, colsample_bytree=0.5, min_child_weight=1, subsample=0.8, nrounds=100"
"1"," "
"1","
"
"1","+ Fold10.Rep1: eta=0.10, max_depth=6, gamma=0, colsample_bytree=0.8, min_child_weight=1, subsample=0.5, nrounds=100"
"1"," "
"1","
"
"1","[16:00:34] WARNING: src/c_api/c_api.cc:935: `ntree_limit` is deprecated, use `iteration_range` instead.
"
"1","- Fold10.Rep1: eta=0.10, max_depth=6, gamma=0, colsample_bytree=0.8, min_child_weight=1, subsample=0.5, nrounds=100"
"1"," "
"1","
"
"1","+ Fold10.Rep1: eta=0.10, max_depth=6, gamma=0, colsample_bytree=0.8, min_child_weight=1, subsample=0.8, nrounds=100"
"1"," "
"1","
"
"1","[16:00:39] WARNING: src/c_api/c_api.cc:935: `ntree_limit` is deprecated, use `iteration_range` instead.
"
"1","- Fold10.Rep1: eta=0.10, max_depth=6, gamma=0, colsample_bytree=0.8, min_child_weight=1, subsample=0.8, nrounds=100"
"1"," "
"1","
"
"1","+ Fold10.Rep1: eta=0.10, max_depth=9, gamma=0, colsample_bytree=0.5, min_child_weight=1, subsample=0.5, nrounds=100"
"1"," "
"1","
"
"1","[16:00:45] WARNING: src/c_api/c_api.cc:935: `ntree_limit` is deprecated, use `iteration_range` instead.
"
"1","- Fold10.Rep1: eta=0.10, max_depth=9, gamma=0, colsample_bytree=0.5, min_child_weight=1, subsample=0.5, nrounds=100"
"1"," "
"1","
"
"1","+ Fold10.Rep1: eta=0.10, max_depth=9, gamma=0, colsample_bytree=0.5, min_child_weight=1, subsample=0.8, nrounds=100"
"1"," "
"1","
"
"1","[16:00:50] WARNING: src/c_api/c_api.cc:935: `ntree_limit` is deprecated, use `iteration_range` instead.
"
"1","- Fold10.Rep1: eta=0.10, max_depth=9, gamma=0, colsample_bytree=0.5, min_child_weight=1, subsample=0.8, nrounds=100"
"1"," "
"1","
"
"1","+ Fold10.Rep1: eta=0.10, max_depth=9, gamma=0, colsample_bytree=0.8, min_child_weight=1, subsample=0.5, nrounds=100"
"1"," "
"1","
"
"1","[16:00:57] WARNING: src/c_api/c_api.cc:935: `ntree_limit` is deprecated, use `iteration_range` instead.
"
"1","- Fold10.Rep1: eta=0.10, max_depth=9, gamma=0, colsample_bytree=0.8, min_child_weight=1, subsample=0.5, nrounds=100"
"1"," "
"1","
"
"1","+ Fold10.Rep1: eta=0.10, max_depth=9, gamma=0, colsample_bytree=0.8, min_child_weight=1, subsample=0.8, nrounds=100"
"1"," "
"1","
"
"1","[16:01:04] WARNING: src/c_api/c_api.cc:935: `ntree_limit` is deprecated, use `iteration_range` instead.
"
"1","- Fold10.Rep1: eta=0.10, max_depth=9, gamma=0, colsample_bytree=0.8, min_child_weight=1, subsample=0.8, nrounds=100"
"1"," "
"1","
"
"1","Aggregating results
"
"1","Selecting tuning parameters
"
"1","Fitting"
"1"," "
"1","nrounds = 100, max_depth = 9, eta = 0.1, gamma = 0, colsample_bytree = 0.8, min_child_weight = 1, subsample = 0.8"
"1"," "
"1","on full training set
"
